pass,product,variable,kind,decided_by,basis,evidence
pass1,10web,free_plan_watermark,vendor_silence,pattern,silence signal: \bdoes not appear\b,"'watermark' does not appear anywhere in the ToS, PUP, pricing page, AI Starter Plan doc, or Get Started for Free doc in the sense of vendor branding on outputs (full-text search across all sources). The only 'watermark' hits anywhere in the 836-article help-center corpus concern a Photo Gallery image-watermarking FEATURE for the site owner's own photos - an unrelated construct. Principal output is a full website, a media artifact that plainly could carry a footer badge/branding, so not_applicable does not fit; documented silence codes unknown."
pass1,10web,credit_rollover_policy,vendor_silence,pattern,silence signal: \bno document\b,"No document (pricing page, ToS, AI Starter Plan doc, AI Editor doc, PUP) states whether unused AI Credits roll over to the next billing period, are capped-carry-forward, or expire at period end. Full-text search for 'roll over'/'rollover'/'carry over'/'expire' near 'credit' across the entire 836-article help-center corpus found no such statement (the 'expire' hits found are all about domains, trials, backups, or website hosting - none about AI Credits specifically). Silence."
pass1,10web,failed_generation_charge_policy,vendor_silence,pattern,silence signal: \b(?:is|are|remain)s? silent\b,"No document states what happens to a consumed AI credit if the AI request/generation fails, errors, or produces nothing usable. The AI Editor doc states only that 'Each AI request costs 1 credit' (covers submission/request, not outcome). Full-text search for 'fail'/'error' near 'credit' across the corpus found no statement addressing this. Silence - matches the codebook's expectation that this variable is silent often."
pass1,10web,watermark_removal_tier,vendor_silence,pattern,silence signal: \bno document\b,"Same search/finding as free_plan_watermark: no document anywhere states that any tier's generated websites carry, or are free of, 10Web branding/watermarking. Principal output (a full website) plainly could carry such branding (e.g. a footer badge), so not_applicable does not fit; documented silence codes unknown."
pass1,adobe-express,free_plan_watermark,vendor_silence,pattern,"silence signal: \bno\b.{0,50}\b(?:located|found)\b","No 'watermark' row or statement found in the pricing-page feature comparison table (no watermark line item for either tier), the General Terms of Use, the Subscription and Cancellation Terms, the generative-credits FAQ, or the Adobe Express Free plan help page. The dedicated ""Watermarks for Generative AI content FAQ"" help page (helpx.adobe.com/creative-cloud/apps/generative-ai/ai-content-watermarks-faq.html) was opened but its rendered content is about optional user-applied Content Credentials labeling, not Adobe's own free-tier output watermarking, and did not state a position either way. "
pass1,adobe-express,trial_card_required,vendor_silence,hand,"HAND. The pricing page and the Subscription and Cancellation Terms' 'Month to month' clause governing this exact plan were both read; neither states a card requirement, matching the codebook's own trial_card_required worked example. The one unread document (a Generative AI Product Specific Terms PDF, not opened per the study's no-download rule) is a content/IP addendum, not a subscription-mechanics document, so it is not a plausible source for this construct.","Neither the pricing page nor the Subscription and Cancellation Terms states whether a payment card is required to START the 7-day trial. The pricing-page footnote states 'billing begins when free trial ends. Cancel before free trial ends and you won't be charged. Subscription automatically renews until you cancel' — this implies a payment method is on file for the auto-charge at trial end, but implication is not a statement (matches the codebook's own worked example for this variable). No 'no credit card required' statement is attached to the trial CTA (that phrase appears only on the separate"
pass1,adobe-express,failed_generation_charge_policy,vendor_silence,pattern,silence signal: \bnot addressed\b,"Not addressed in the Subscription and Cancellation Terms, the General Terms of Use, or the Generative Credits FAQ. The FAQ states credits are ""consumed when using features powered by Firefly or our partner models upon generation"" but does not address failed/errored/empty-result generations specifically. Confirmed via full in-page text search: no occurrence of 'fail' anywhere on the Generative Credits FAQ page (39,014 characters). "
pass1,adobe-express,watermark_removal_tier,vendor_silence,pattern,silence signal: \bno document\b,"No document reviewed (pricing page feature grid, General Terms of Use, Subscription and Cancellation Terms, Generative Credits FAQ, Express Free-plan help page, Watermarks FAQ) states which tier(s) carry vendor watermarks or branding on outputs, or that none do. Same search as free_plan_watermark; see that variable's evidence."
pass1,adobe-firefly,free_plan_cap_value,vendor_silence,hand,"HAND. The two sources read for free_plan_cap_documented describe the free tier only qualitatively ('a limited number of free daily generations'); no document publishes a number, so there is nothing quantified to transcribe. Both sources were reachable and read, not blocked.","No quantified limit exists to record verbatim; both sources read for free_plan_cap_documented describe the free tier qualitatively (""a limited number of free daily generations"") with no number, so there is nothing quantified to transcribe. "
pass1,adobe-firefly,free_plan_watermark,vendor_silence,hand,"HAND. The Firefly plans page's paid-tier feature-comparison table was read row by row (credits, image/video/audio features, model access, Boards, app access, Express/Photoshop/Fonts perks) with no row on watermarking or output branding for any tier. Matches this study's own runway precedent (a feature grid read in full and left silent on watermarking is vendor silence); the page's FAQ accordion that failed to expand is a disclosed limitation, but its visible question titles name nothing watermark-related.","The plans page's paid-tier feature-comparison table (Creative AI / Adobe apps and perks rows: generative credits, unlimited standard image features, premium-feature access, AI-model access, video generation, audio translation, sound-effect generation, Firefly Boards, Firefly web/mobile, Adobe Express Premium, Photoshop web/mobile, Adobe Fonts) contains no row addressing watermarking or branding of outputs for any tier. Silent. "
pass1,adobe-firefly,trial_card_required,vendor_silence,pattern,silence signal: \bdoes not (?:state|address|specify|mention|define)\b,"No ""no credit card required"" (or equivalent) statement appears next to the ""Free trial"" control on the plans page. The general Terms of Use section 3.7 (""Free Memberships, Complimentary Services, Offers, and Trials"") describes trial mechanics generally but does not state whether payment details are required to start one. No trial-specific landing page or billing-FAQ statement on this point was located for Firefly specifically (the Subscription and Cancellation Terms ""Month to month"" clause governing Firefly Standard/Pro has no ""Free Trial Terms"" subsection at all — see coder_note). Silent; not"
pass1,adobe-firefly,trial_length_days,vendor_silence,hand,"POST-WINDOW RETRIEVAL 2 (2026-08-17, orchestrator/post-window-retrieval-2.md). WAS access_failure. The FAQ our instrument recorded as unreadable was recovered: its collapsed accordion answers live in textContent and are empty in innerText, which is how an entire 11-answer FAQ was missed. Construct absent from all 11. NOTE the sweep's own caveat: this record carries no independent warrant that today's text is window-era text.","No day-count is shown on the ""Free trial"" control for Firefly Standard/Pro on the plans page (contrast Adobe Express's own pricing page, which explicitly reads ""Start 7-day free trial"" — that figure is for a different product and is not used here). The Firefly plans page's own FAQ list includes no directly-titled trial-length question, and the FAQ answer content could not be read (see register_events: FAQ accordion would not expand). No official document located states Firefly's trial length in days. "
pass1,adobe-firefly,trial_auto_converts,vendor_silence,hand,"HAND. Two full documents read: the Subscription and Cancellation Terms' 'Month to month' clause governing this plan (no 'Free Trial Terms' subsection, unlike the same document's annual-contract clause which explicitly states auto-conversion) and the general Terms of Use section 3.7 (permissive 'you may continue... if available' wording, not a conversion statement). The coder found parallel clauses in the same documents that DO state auto-conversion for other plans, confirming this plan's silence is a real omission, not a search miss.","The Subscription and Cancellation Terms document's ""Creative Cloud for Individuals > Month to month"" clause — which governs Firefly Standard/Pro, since both bill month-to-month — has no ""Free Trial Terms"" subsection at all (unlike the document's ""Annual contract, billed monthly"" clause, which explicitly states a free trial converts to a paid subscription automatically). The general Terms of Use section 3.7 states only that ""After the free ... or trial access period expires, you may continue using the Services or Software in a paid subscription, if available"" — permissive/available-to-you phras"
pass1,adobe-firefly,failed_generation_charge_policy,vendor_silence,pattern,silence signal: \bneither states\b,"The generative-credits FAQ and the plans page describe credit consumption ""upon generation"" / per completed output, but neither states what happens to the credit charge if a generation fails, errors, or produces nothing usable. Silent on this point in every document read. "
pass1,adobe-firefly,watermark_removal_tier,vendor_silence,pattern,silence signal: \bno document\b,"No document read states which tier(s), if any, apply a visible watermark or branding to Firefly outputs, or that no tier does. The Generative AI Product Specific Terms discuss only Content Credentials / Content Authenticity Initiative *metadata* (""you must not remove or alter any watermarks or Content Authenticity Initiative metadata ... that may be generated with the Output""), which is an invisible-attribution/provenance mechanism the user must not strip — not a statement about a visible watermark varying by tier. Silent on tier-based visible watermarking. "
pass1,aiclicks,failed_generation_charge_policy,vendor_silence,pattern,silence signal: \b(?:is|are|remain)s? silent\b,"ToS, pricing page, and product docs (content-agent, prompts-overview, create-prompts) were all read; none states whether a failed/errored prompt check or a failed article generation still consumes the monthly tracked-prompts or articles-per-month allowance. Silent, per decision rule 3 (""this variable is silent often. That is the finding""). "
pass1,aiclicks,renewal_notice_commitment,vendor_silence,hand,"HAND. Terms of Service, pricing-page FAQ, and Help Center billing FAQ/troubleshooting pages were all read in full and were reachable (archived); none states a commitment to notify the buyer before a renewal charge. Genuine documented silence, not an access gap.","ToS, pricing-page FAQ, and Help Center billing FAQ/troubleshooting pages were all read; none commits to notifying the buyer before a renewal charge (no stated period, no ""we will email you before renewal"" language of any kind). "
pass1,aiclicks,commercial_use_lowest_tier,vendor_silence,pattern,silence signal: \bno document\b,"The product generates an output a commercial-use right could attach to (AI-optimized blog-post drafts via the Content Agent feature, ""ready for your team to refine"" and publish). ToS ""Intellectual Property"" clause addresses only AIclicks' own platform/software/ branding IP (""You may not reproduce, redistribute, or modify any part of the platform""), not the buyer's right to use generated article output commercially. No document addresses this, so unknown rather than not_applicable (codebook 2.2). "
pass1,aiclicks,output_ownership_statement,vendor_silence,pattern,silence signal: \b(?:is|are|remain)s? silent\b,"Same reasoning as commercial_use_lowest_tier: the product generates an artifact (AI-optimized article drafts) ownership could attach to; the ToS Intellectual Property clause covers only AIclicks' own platform IP and is silent on who owns generated article/analytics output. Not not_applicable, because the not_applicable test on this variable is not principal-output-scoped either (matches commercial_use_lowest_tier's ""any output"" test per codebook wording). "
pass1,aiva,free_plan_watermark,vendor_silence,pattern,silence signal: \bno document\b,"No document read for this record (pricing page, EULA, or the licensing/cancellation FAQs) states whether Free-plan audio/MIDI output files themselves carry an embedded watermark or vendor branding. The Free plan does carry a mandatory attribution obligation (""Credit must be given to AIVA"" on the pricing card; EULA licensing FAQ: ""You MUST give credit to AIVA when using the track"") -- this is a usage/crediting condition on how the buyer publishes the track elsewhere, a distinct construct from an embedded audio watermark, and is not treated as satisfying this variable. No pricing-grid row analog"
pass1,aiva,failed_generation_charge_policy,vendor_silence,hand,"HAND. Pricing page and EULA section 6 'Technology & Limitations' both read substantively — the EULA states generation-rate ceilings (100/hour, 400/24h, 5 concurrent) while saying nothing about a failed attempt's effect on the allowance. The vendor wrote a limitations section and left this out of it.","Checked and found silent: pricing page (plan cards state only the monthly download allowance), EULA section 6 ""Technology & Limitations"" (states generation-rate ceilings but nothing about a failed/errored attempt's effect on the download allowance), and the licensing/cancellation FAQs. The product does meter output (downloads/month), so not_applicable's ""no per-output accounting at all"" condition is not met either; the documents are simply silent on the failure case specifically, which is the Vendor O pattern in codebook-v1.md (""credits are deducted when a job is submitted"" and says nothing ab"
pass1,aiva,renewal_notice_commitment,vendor_silence,pattern,silence signal: \bno document\b,"Checked and found silent: EULA (including section 9, ""Refunds"", the clause that discusses auto-renewal), pricing page, and FAQs. No document states a commitment to notify the buyer in advance of a renewal charge, and none explicitly disclaims advance notice either. Access date 2026-08-06. Archived: https://web.archive.org/web/20260806132231/https://www.aiva.ai/legal/1"
pass1,aiva,refund_window_days,vendor_silence,pattern,silence signal: \bno document\b,"EULA section 9 conditions refund eligibility on non-use of premium features (""if, and only if, they have not used any of the premium features"") rather than on a stated number of days; no document read for this record (EULA, pricing page, or FAQs) publishes a day-count refund window. Not 0, because refunds are available (refund_policy_exists = yes); the day figure itself is simply not published. Access date 2026-08-06. Archived: https://web.archive.org/web/20260806132231/https://www.aiva.ai/legal/1"
pass1,aiva,watermark_removal_tier,vendor_silence,pattern,silence signal: \bno document\b,"No document read for this record (pricing page, EULA, licensing FAQ, cancellation FAQ) states whether any tier's audio/MIDI output carries an embedded watermark or vendor branding, or names a tier at which such a mark is removed. The principal output (a music composition/audio file) is a media artifact that could in principle carry a watermark, so not_applicable's ""not a media artifact a watermark could mark"" carve-out does not apply. Access date 2026-08-06. Archived: https://web.archive.org/web/20260806132059/https://www.aiva.ai/"
pass1,anomaly-ai,free_plan_watermark,vendor_silence,hand,"HAND. Ten official pages (pricing, terms, privacy, security, ai-for-large-datasets, home, capabilities, contact, manifesto, solutions) were read and all successfully archived; the word watermark appears on none of them, despite the product's dashboard/PDF/Slides outputs being capable of carrying branding. Documented silence from a genuinely thin but fully-read site, not an access gap.","""watermark"" keyword found on zero of the 10 official pages checked (pricing, terms, privacy, security, ai-for-large-datasets, home, capabilities, contact, manifesto, solutions -- raw-HTML grep, case-insensitive, zero hits on all). The product's outputs include shareable dashboards, PDF, and Slides exports (per ai-for-large-datasets page), i.e. artifacts that could carry vendor branding in principle, so this is a documentation gap (unknown), not a case where the output type is incapable of carrying a mark. "
pass1,anomaly-ai,credit_rollover_policy,vendor_silence,pattern,silence signal: \bnot addressed\b,"No ""rollover"", ""roll over"", ""reset"", ""expire"", or ""unused"" language found on the pricing page or in the Terms of Service (raw-HTML grep, case- insensitive, zero hits on both). What happens to unused credits at the end of a billing period is not addressed anywhere in the official documents checked. "
pass1,anomaly-ai,failed_generation_charge_policy,vendor_silence,hand,"HAND. The pricing page and Terms of Service were both read and archived; neither addresses whether a failed or errored generation still consumes credits, though the product clearly meters generation. Genuine silence, not an access gap.","No ""fail"", ""unsuccessful"", or ""deduct"" language addressing whether a failed/errored generation still consumes credits was found on the pricing page or in the Terms of Service (raw-HTML grep, case-insensitive, zero hits on both). The product clearly meters generation (credits), so not_applicable does not apply; this is silence, not absence of a metered step. "
pass1,anomaly-ai,auto_renewal_default,vendor_silence,pattern,silence signal: \bdoes not (?:state|address|specify|mention|define)\b,"Terms of Service ""Subscription and Billing"" clause, read in full: ""Certain features require a paid subscription. Billing is handled through Stripe. Subscription details, pricing, and credit allocations are displayed within the application. You agree to pay all applicable fees in accordance with the pricing and billing terms presented at the time of purchase."" This does not state that subscriptions renew automatically, and does not state that they do not. ""renew"" / ""auto-renew"" is absent from the full Terms of Service (raw-HTML grep, case-insensitive, zero hits; the only near-match is ""recurrin"
pass1,anomaly-ai,renewal_notice_commitment,vendor_silence,pattern,silence signal: \bno (?:such )?(?:clause|commitment|figure|mention)\b,"No commitment to notify the buyer before a renewal charge was found in any official document checked. (The Terms of Service does commit to 30 days' notice for ""material changes to these Terms"" generally, but that is about changes to the contract, not about renewal-charge notice specifically, so it does not satisfy this variable's construct.) "
pass1,anomaly-ai,refund_policy_exists,vendor_silence,pattern,silence signal: \b(?:is|are|remain)s? silent\b,"""refund"" (case-insensitive) found on zero of the 10 official pages checked, including a full raw-HTML grep of the Terms of Service (the contractual-class top authority) and the pricing page. No dedicated refund or cancellation-policy page exists: /refund, /refund-policy, /cancellation-policy, /cancel all return 404 on www.findanomaly.ai. No help center exists to check either (see auto_renewal_disclosure_location evidence). Documents are silent, not stating a position either way. "
pass1,anomaly-ai,refund_window_days,vendor_silence,hand,"HAND. Cascades from refund_policy_exists=unknown, itself grounded in a full read of the Terms of Service and pricing page (both archived) plus confirmation that no dedicated refund page exists (404). No day-count window is stated anywhere because no refund policy of any kind is published.","No refund policy exists in any document checked (refund_policy_exists = unknown), so no window figure is stated anywhere to record."
pass1,anomaly-ai,refund_conditions,vendor_silence,hand,"HAND. Same basis as refund_window_days: Terms of Service and pricing page fully read and archived, no dedicated refund page exists, and no refund policy of any kind -- hence no conditions -- is published anywhere.","No refund policy exists in any document checked (refund_policy_exists = unknown), so no conditions are stated anywhere to record."
pass1,anomaly-ai,commercial_use_lowest_tier,vendor_silence,hand,"HAND. The pricing page and Terms of Service (both read and archived) contain no feature-grid row or clause addressing commercial-use rights in outputs; the vendor's 'business reports' tagline describes intended use, not a rights grant. Genuine silence, not an access gap.","No feature-grid row or clause addressing commercial-use rights in outputs was found on the pricing page or in the Terms of Service. The product is marketed generally for ""business reports"" (its own tagline is ""AI data analyst for recurring business reports""), but that describes the product's intended use case, not a stated grant or restriction of commercial-use rights in generated outputs for any specific tier; coding a tier from the marketing framing would be exactly the kind of inference section 6.3 forbids. Coded unknown, not not_granted (nothing prohibits commercial use either) and not fre"
pass1,anomaly-ai,watermark_removal_tier,vendor_silence,hand,"HAND. Same ten-page, fully-archived read as free_plan_watermark; watermark appears nowhere despite the product's dashboard/PDF/Slides/Excel outputs being capable of carrying branding.","Same underlying gap as free_plan_watermark: ""watermark"" appears on none of the 10 official pages checked. Not coded not_applicable because the product's outputs (shareable dashboards, PDF, Slides/PPT, Excel reports per https://www.findanomaly.ai/ai-for-large-datasets) are visual/document artifacts capable of carrying vendor branding in principle -- unlike the codebook's own not_applicable examples (""a detection score or an analysis table"") -- so this is undocumented, not inapplicable. "
pass1,anomaly-ai,output_ownership_statement,vendor_silence,hand,"HAND. Terms of Service and the Security page (both read and archived) each state an ownership position for the customer's uploaded/connected INPUT data specifically, but neither extends that statement to the AI-generated dashboards/reports the product produces. A genuine construct gap between two documents that agree with each other, not an access gap.","Two official documents state an ownership position for the customer's INPUT data, not for generated OUTPUTS. Terms of Service, ""Intellectual Property Rights"": ""You retain all rights to the data you upload or connect to the platform. We do not claim ownership of your data."" (the same clause separately gives the vendor ownership of ""software, design, text, graphics, trademarks, and related materials"" in ""our Services"", i.e. the vendor's own product/site IP, not user-generated content). Security page, ""Data Ownership & Lifecycle"": ""Customers retain full ownership of all data uploaded to or proces"
pass1,apify-robots-checker,first_charge_amount_usd,instrument_gap,pattern,format/construct signal: \bvariable assumes\b,"Pure pay-per-event pricing, no minimum purchase, no subscription, no stated billing period (""No subscription required — you only pay for what you use""). No document states a determinate first-transaction total: actual first charge depends entirely on how many domains the buyer chooses to check in the first run. Rule 3 applies (billing frequency/period not stated in the periodic sense this variable assumes) rather than inventing a ""smallest possible charge"" figure. README Cost section also hedges current pricing (""Current transition pricing may include a temporary legacy start fee until the sch"
pass1,apify-robots-checker,commercial_use_lowest_tier,vendor_silence,pattern,silence signal: \bno document\b,"No document (Actor T&C, General T&C, actor page) uses ""commercial use""/""commercial license"" language or a feature-grid commercial-use row (there are no tiers/feature-grid at all for this flat-rate product). Actor T&C 3.2 grants full, unconditional IP ownership in Actor Output (see output_ownership_statement) and the General T&C preamble frames the Services as ""business use only"", which may imply commercial use is fine, but neither document states it explicitly, so coded unknown per decision-tree step 4 rather than inferred. "
pass1,aragon-ai,free_plan_cap_value,instrument_gap,pattern,format/construct signal: \binstrument gap\b,"free_plan_cap_documented=none_quantified (see above): every stated free-plan limit is qualitative ('limited per day', 'limited free options'), so no quantified figure exists to record here. codebook's value list for this field offers no distinct 'none-quantified-exists' value (only a formatted figure, unknown, not_applicable, or conflicting); unknown used as closest fit for 'no quantified value stated' - flagged for adjudication as a minor instrument gap, see coder_note."
pass1,aragon-ai,free_plan_watermark,vendor_silence,pattern,silence signal: \bdoes not appear\b,"'watermark' does not appear anywhere in pricing page, terms, refund policy, support, free-headshot-generator, or headshots-for-teams pages (checked via full-text search of all seven sources). Principal output is a photographic image, a media artifact that plainly could carry a watermark (not a not_applicable case like a detection score), so silence codes unknown, not not_applicable."
pass1,aragon-ai,failed_generation_charge_policy,vendor_silence,pattern,silence signal: \bno document\b,"Full-text search of all seven sources for 'fail', 'error', 'unusable' etc. found only general AI-output-quality disclaimers ('may contain errors, bugs, or inaccuracies', 'AI Tools may provide results that contain errors') and a dissatisfaction-driven 'Free Redo' offer (pricing FAQ: photos that 'may not meet your expectations') - dissatisfaction with output quality, not a statement about technical failures/empty results consuming or not consuming allowance. No document states whether a technical failure consumes a credit/headshot slot."
pass1,aragon-ai,watermark_removal_tier,vendor_silence,pattern,silence signal: \bdoes not appear\b,"'watermark' does not appear in any of the seven sources read (see free_plan_watermark evidence for the same full-text search). Principal output (a photographic headshot image) plainly could carry a watermark, so not_applicable does not fit; documented silence codes unknown."
pass1,autoshorts-ai,failed_generation_charge_policy,vendor_silence,pattern,silence signal: \bno (?:such )?(?:clause|commitment|figure|mention)\b,"Terms & Conditions read in full: no mention of generation failures or credit consumption on failure. FAQ read in full (all 27 questions, Series & Videos and Billing sections): no question addresses what happens to credits/allowance on a failed or errored generation. Closest adjacent statement, on a different topic (re-renders from edits, not failures): ""Features that render a new video such as making script edits, or changing your series do not count against your plan."" Silent on outright failures. "
pass1,autoshorts-ai,auto_renewal_default,vendor_silence,pattern,silence signal: \bnever states\b,"Terms & Conditions read in full: a generic boilerplate document (warranty disclaimer, liability limits, cookies, iframes, third-party links); it contains no billing, subscription, or renewal clause at all. FAQ read in full: ""Can I cancel at anytime?"" states cancellation is available but never states that subscriptions renew automatically or on what cadence. Per the codebook's own worked example, implication from cancel-anytime language is not a statement, so this is coded unknown rather than inferred as ""on"". "
pass1,autoshorts-ai,renewal_notice_commitment,vendor_silence,pattern,silence signal: \bno statement\b,No statement of advance notice (or its absence) before a renewal charge found in Terms or FAQ.
pass1,beautiful-ai,renewal_notice_commitment,vendor_silence,pattern,silence signal: \bno document\b,"No document read (pricing page, ToS, or the nine Help Center articles) commits to notifying the customer in advance of a renewal charge. ToS section 14.3 addresses general notice mechanics (email or in-product posting) but not a pre-renewal-charge commitment specifically."
pass1,beautiful-ai,commercial_use_lowest_tier,vendor_silence,pattern,silence signal: \bno document\b,"No 'commercial use' row appears anywhere in the pricing page's compare-plans table (verified by extracting every row of all 6 table sections, and by a full-text search of the rendered page for 'commercial', both with zero matches). ToS section 2.2 licenses use of Beautiful.ai Materials 'solely for Customer's internal business or personal, non-commercial purposes', which is genuinely ambiguous between (a) business use is permitted generally with only personal use required to be non-commercial, and (b) all use must be non-commercial -- and in any case addresses the license to use Beautiful.ai's "
pass1,brandcited,failed_generation_charge_policy,vendor_silence,hand,"HAND. Four documents read including a 56-question dedicated FAQ, with the two answers nearest the construct ('What is a scan?', 'How does BrandCited track AI visibility?') checked by name. The metered unit is documented; what happens when it fails is not. Nothing unreachable.","Product has a metered generation-like step (the daily automated scan; ""What is a scan?"" FAQ: ""One scan = one billable unit on metered plans""), so not_applicable (no metered generation step at all) does not apply. No document (pricing page, ToS, Refund Policy, or the 56-question dedicated FAQ, including its ""What is a scan?"" and ""How does BrandCited track AI visibility?"" answers) states what happens to the allowance when a scan fails, times out, or an AI platform is unreachable. Silent, per rule 3 (""this variable is silent often — that is the finding""). "
pass1,brandcited,renewal_notice_commitment,instrument_gap,hand,"AUDIT. ""ToS 14 commits to 30 days' notice, but only for vendor-initiated *price changes* at next renewal ('We'll notify you at least 30 days before your plan price changes')"" - a verbatim, documented vendor notice commitment on a different trigger; the value list has no slot for event-conditional notice. Same shape as hand-assigned instrument_gap on pass1/picsart and adjudicated/jobscan.","No document commits to notifying the buyer before a routine renewal charge. ToS §14 commits to 30 days' notice, but only for vendor-initiated *price changes* at next renewal (""We'll notify you at least 30 days before your plan price changes"") — a different commitment from advance notice of each recurring charge at the existing price, so it does not satisfy advance_notice_stated. No other document addresses renewal notice. "
pass1,canva,headline_price_usd,instrument_gap,hand,"POST-WINDOW RETRIEVAL 2. WAS access_failure. The vendor DOES publish a price; what fails is D-007's 'US reader' test, for which the protocol provides no executable route — currency is IP-bound and no locale path, URL parameter or request header overrides it. That is a gap in the instrument, not a document we could not reach. Precedent: the adjudicated google-veo headline_price_usd. Consistent with the A-013 ruling, whose test is obtainability from a standard reading position.","CHANGED AGAIN under a 2026-08-10 re-examination -- see coder_note ('canva re-examination under corrected wording') and d007-recheck-report.md for the full reasoning; canva-sources/d007-currency-recheck-2026-08-10.txt carries the underlying Arm 1/Arm 2 fact-finding, unchanged. Entry paid tier is Pro. Orchestrator-captured rendered read (D-005, 2026-08-08) shows the Pro card's sole price as '1.920 TRY' captioned 'Bir kisi icin yillik fiyat' (annual price for one person). The D-007 re-check's Arm 1 evidence stands unchanged (help article https://www.canva.com/help/pay-credit-debit-card/: 'If your"
pass1,canva,headline_billing_basis,instrument_gap,hand,"HAND. The Pro tier's price is published unambiguously as an annual total per seat (""Bir kisi icin yillik fiyat""), not paraphrased or hedged -- the vendor discloses the basis plainly. But the codebook's five allowed values for this variable (per_month_billed_annually, per_month_billed_monthly, per_seat_per_month, one_time, usage_based) have no category for an annual total displayed as such; only monthly-denominated bases are covered. The instrument has no slot for what was published.","The qualifier printed with the Pro card's price is 'Bir kisi icin yillik fiyat' ('annual price for one person') - the figure IS the annual total itself, not a monthly rate. None of this variable's four recurring-basis values fit: per_month_billed_annually and per_seat_per_month both require the DISPLAYED figure to be a monthly amount (this variable's own worked example, Vendor B, shows '$12 per user/month' - a monthly-denominated figure - even though billed annually); per_month_billed_monthly and one_time plainly do not apply either. The page's own monthly/annual toggle ('Aylik | Yillik, %16 t"
pass1,canva,first_charge_amount_usd,instrument_gap,hand,POST-WINDOW RETRIEVAL 2. WAS access_failure. Same geo-bound currency gap as this record's headline_price_usd.,"CHANGED AGAIN under the 2026-08-10 re-examination -- same basis as headline_price_usd (see that field, coder_note's 'canva re-examination under corrected wording', and d007-recheck-report.md). Rule 2 would apply directly if a USD figure existed (the default state already shows an ANNUAL figure, so no x12 needed) -- TRY 1,920/yr for Pro is the figure this study's own network observes, but under the corrected 'US reader' test, Canva's own stated policy (local currency by default, USD only where the reader's local currency is unavailable) implies a US reader is billed in USD, their own available "
pass1,canva,free_plan_watermark,access_failure,hand,HAND. The vendor has a dedicated Help Centre article titled 'Watermarks or Canva logos are on my design' — the document that would answer this variable exists and is named in the record. It was not retrieved: the prior pass's archival attempts failed and this pass did not re-attempt it. Calling this vendor silence would assert the vendor never addressed watermarking while citing the vendor's own article about watermarking. The silence is ours.,"Re-confirmed this pass: zero occurrences of 'watermark' in the pricing page, Terms of Use, Content License Agreement, or AI Pass help article (fresh full-text search of all four this pass). The dedicated Help Center article ('Watermarks or Canva logos are on my design') was not re-attempted this pass, which is scoped to the entry tier and currency; the prior pass's 2-3 archival attempts for it (beyond this study's 2-retry cap) already failed. Free-plan output could plainly carry a watermark (not a not_applicable case), so documented silence plus an unreachable dedicated article codes unknown, "
pass1,canva,trial_card_required,vendor_silence,pattern,silence signal: \bdoes not (?:state|address|specify|mention|define)\b,"Terms of Use states the trial auto-converts by charging 'your nominated payment method' at the end of the trial unless canceled first, implying a payment method is already on file - but none of the four documents read this pass explicitly states a card must be entered to START the trial. The pricing FAQ adds one non-conclusive data point re-found this pass ('You won't be billed at all during your trial period', re: Business team invites) that also does not state a card requirement. Matches this codebook's own worked example (Vendor I: conversion implies stored payment details, but implication "
pass1,canva,trial_length_days,vendor_silence,hand,"HAND. Pricing page, Terms of Use, Content License Agreement, and the AI Pass help article were all read and reachable; a trial is confirmed to exist and auto-convert, but no document states its length in days (the two day-figures present, a 30-day top-up expiry and a list of prepaid-plan durations, are different constructs). Unlike this same record's watermark variables, no specific unretrieved document is implicated here.","Fresh day-count search this pass across all four documents (pricing FAQ, Terms of Use, Content License Agreement, AI Pass article) finds no day/week/month figure for the actual Pro or Business trial length. The only day-figures present anywhere are unrelated: AI top-ups 'valid for 30 days' (a top-up expiry, not a trial length) and the AI Pass article's list of prepaid-plan durations ('1-day, 1-week, 1-month, or 1-year prepaid plan', an eligibility exclusion, not a trial length). True for both Pro and Business alike."
pass1,canva,failed_generation_charge_policy,vendor_silence,pattern,silence signal: \b(?:is|are|remain)s? silent\b,"Fresh full-text search this pass of all four documents (pricing page, Terms of Use, Content License Agreement, AI Pass article) for 'fail'/'error'/'unsuccessful' finds only unrelated matches: ToS compliance-failure and service-failure/liability clauses, a CLA license-termination-for-failure-to-comply clause, and an AI-Pass-article URL-slug 'failed-payments' (routing metadata, not prose) - none address whether a technical failure or empty AI-generation result consumes allowance. Silence is unknown per the rule, which itself notes 'this variable is silent often. That is the finding.'"
pass1,canva,watermark_removal_tier,access_failure,hand,"HAND. Same unretrieved Help Centre article as free_plan_watermark, same reasoning. Four documents were searched and one relevant document could not be opened; a search that misses the one document written on the subject does not establish the subject is undocumented.","Same search and same result as free_plan_watermark, re-confirmed this pass: zero occurrences of 'watermark' in any of the four documents read. The dedicated Help Center article ('Watermarks or Canva logos are on my design') was not re-attempted this pass. Principal output (exported designs/images) plainly could carry a watermark, so not_applicable does not fit; documented silence plus an unreached dedicated article codes unknown, unchanged from the superseded record."
pass1,colossyan,failed_generation_charge_policy,vendor_silence,pattern,silence signal: \b(?:is|are|remain)s? silent\b,"Checked pricing page, ToS, AUP, and three Help Center billing/usage articles (Pricing & Packaging FAQ, Video generation minutes, Managing your account); all describe minutes being deducted ""whenever you click Generate"" but none addresses a technical failure or empty-result case specifically -- silence, matching codebook-v1.md's note that this variable ""is silent often."" Accessed 2026-08-07. "
pass1,colossyan,renewal_notice_commitment,instrument_gap,hand,"DOCTRINE 2026-08-17 (orchestrator/doctrine-event-conditional-notice.md). Corrected from a previous hand decision of vendor_silence. The vendor publishes a notice commitment scoped to a price or plan change and none for an ordinary renewal, which the binary value list cannot express. This record's own adjudicated row was already hand-classified instrument_gap on the same facts; the pass-1 row was stale under the later convention. Direction: this moves the value OUT of the study's headline category.","ToS 3.4/14.3 and the two Help Center billing articles all state that renewal happens automatically unless the customer cancels first, but none commits to notifying the customer in advance of a renewal charge. Accessed 2026-08-07. "
pass1,copyleaks,failed_generation_charge_policy,vendor_silence,pattern,silence signal: \b(?:is|are|remain)s? silent\b,"Product meters generation (a scan consumes credits per the FAQ/ToS §8.1), so not_applicable (no metered generation step at all) does not apply. No document read (pricing page, ToS in full including §10 AI Detection Products, or the one Help Center billing article available) states what happens to the credit charge when a scan technically fails or errors (as opposed to completing but returning a result the buyer dislikes). ToS §10.2 disclaims warranty on RESULT ACCURACY (""may incorrectly flag certain content"") but says nothing about a credit refund/non-charge for a failed job. Silent, per rule "
pass1,copyleaks,renewal_notice_commitment,instrument_gap,hand,"AUDIT. ""ToS 22.3 commits to advance notice only for vendor-initiated CHANGES to subscription plans/pricing ('We will provide you with advance notice of any such changes, and they will apply to you only as of the start of your next billing cycle or subscription renewal')"" - notice is documented, on an event trigger the binary value list cannot express. Study's own named event-conditional-notice gap.","No document commits to notifying the buyer in advance of a routine same-price renewal charge. ToS §22.3 commits to advance notice only for vendor-initiated CHANGES to subscription plans/pricing (""We will provide you with advance notice of any such changes, and they will apply to you only as of the start of your next billing cycle or subscription renewal"") — a different commitment from advance notice of each recurring charge at the existing price, so it does not satisfy advance_notice_stated. §14.1's 14-day notice period runs the other way (buyer must notify Copyleaks not to renew), not a vendo"
pass1,d-id,trial_card_required,vendor_silence,pattern,silence signal: \bno statement\b,"Neither the pricing page, the Studio EULA/Terms of Use (section 3.1, Guest User), nor the FAQ states whether payment details are required to start the Studio (web) trial; no ""no credit card required"" statement, no statement requiring one. Per rule, absence of any statement is unknown; not inferred from the signup link's design. NOTE (context, not basis for this value): a separate Help Center article, ""How do I start a trial on the D-ID mobile app?"" (help.d-id.com/hc/en-us/articles/31288639829009), explicitly instructs users to ""Select a subscription plan and enter your credit card details"" for"
pass1,d-id,trial_auto_converts,vendor_silence,pattern,silence signal: \b(?:is|are|remain)s? silent\b,No official document for the Studio (web) trial states whether it converts to a paid subscription automatically at expiry or simply ends/locks access. Studio EULA section 3.1 is silent on this. (A separate mobile-app-specific Help Center article implies auto-charge unless canceled for that distinct signup flow; not used here for the same reason given under trial_card_required.) 
pass1,d-id,failed_generation_charge_policy,vendor_silence,pattern,silence signal: \bnone (?:of the documents )?(?:state|address|mention),"Pricing page, FAQ, Studio EULA/Terms of Use, and the Help Center (searched directly for ""failed""/""error"" + credits) were read; none states whether a technically failed or empty generation consumes a credit. FAQ's moderation-rejection Q&As address why an image/audio/ text submission is rejected pre-generation, not credit treatment of a failed attempt. "
pass1,decktopus,failed_generation_charge_policy,vendor_silence,pattern,silence signal: \bno document\b,"No document read (ToS, the credits FAQ, or the dedicated 'How Decktopus AI Credits Work' article) states what happens to credits when a generation fails, errors, or produces nothing usable. s12 states credit COSTS ('generating 1 slide costs 5 credits', 'editing... costs 5 credits per edit') but never addresses the failure case."
pass1,decktopus,renewal_notice_commitment,vendor_silence,pattern,silence signal: \bno document\b,"No document read (pricing page, ToS, or the two dedicated renewal Help Center articles) commits to notifying the customer in advance of a renewal charge; all four only state that renewal happens automatically unless canceled, with no advance-notice commitment."
pass1,decktopus,commercial_use_lowest_tier,vendor_silence,pattern,silence signal: \bno document\b,No document addresses commercial use of a user's OWN generated output. ToS 'commercial' hits are all about (a) users not sending unsolicited commercial communications and (b) users not infringing others' commercial rights -- never about whether the customer may use their own Decktopus-made deck commercially. The pricing page's full compare-plans table (Deck Creation / Presentation Management / Branding & Team / Enterprise Features rows) contains no 'commercial use' row.
pass1,decktopus,output_ownership_statement,vendor_silence,pattern,silence signal: \bno document\b,"ToS section 5 ('Intellectual Property Ownership') addresses only DECKTOPUS's own platform/software IP, not user-generated output. Section 7.1.1 ('Terms on Creating and Sharing Content') states 'Decktopus is not a party of the Content creating and sharing activities in any way' -- a liability/responsibility disclaimer (who is answerable for the content), not an ownership grant either direction. No document states the customer owns outputs, nor that Decktopus retains a license to them."
pass1,elevenlabs,failed_generation_charge_policy,vendor_silence,pattern,"silence signal: \bno\b.{0,50}\b(?:located|found)\b","Pricing-page FAQ: ""Credits are charged per generation request, not per download. If you are not satisfied with the output, a limited number of free regenerations may be available..."" — this addresses a buyer disliking an output (Studio regeneration credits, see regenerate-cost-article.md), not a technical failure or empty result, which the codebook explicitly distinguishes. No reviewed document (pricing page, terms-of-use.html, docs-billing.md) states what happens to credits when a generation technically fails or errors. Searched ""fail"", ""error"", ""unsuccessful"" across all reviewed sources; no "
pass1,elevenlabs,renewal_notice_commitment,vendor_silence,pattern,silence signal: \bno document\b,"The clause on point (ToS 6(a)) covers price-change notice, not renewal notice: ""If you do not agree to these price changes, you must cancel your Recurring Subscription at least 7 days before the changes take effect."" This is the buyer's deadline to act if they disagree with a posted price change, not a vendor commitment to proactively notify before an ordinary renewal charge. No document reviewed (ToS, docs-billing.md, help-center articles) states that ElevenLabs sends advance notice before a renewal charge, and none explicitly disclaims doing so either — genuinely silent, so unknown rather th"
pass1,faceless-so,free_plan_cap_documented,vendor_silence,pattern,silence signal: \bno document\b,"No document read (home FAQ, pricing-page FAQ, Terms of Service, Privacy Policy, or any developer-docs page) states any specific limit, credit allowance, or restriction for the Free tier. The vendor's own data object for the Free tier (chunk 584c5016af948b8b.js) carries a 'price' field only (0) and no 'credits' field (unlike every paid tier, which explicitly carries one, e.g. starterSubscription credits:500) - this coder treats that structural absence as inconclusive/not a prose statement of a limit, not as a documented '0 credits' finding, per the instruction to code from documents rather than"
pass1,faceless-so,free_plan_cap_value,vendor_silence,hand,"HAND. Home FAQ, pricing-page FAQ, Terms of Service, Privacy Policy, and five developer-docs pages were all read in full and reachable; none describes any limit for the Free tier (the vendor's own data object for Free carries no credits field, unlike every paid tier). Nothing was ever quantified because nothing was ever described -- a cascade from the parent variable's genuine silence, not a format mismatch.","free_plan_cap_documented=unknown (no limits described at all): there is no quantified figure to record. codebook's value list for this field has no distinct 'nothing was quantified because nothing was described' option separate from unknown; used as the closest fit, flagged in coder_note for adjudicator attention (same instrument-gap noted in this study's aragon-ai record)."
pass1,faceless-so,free_plan_watermark,vendor_silence,hand,"HAND. The free tier is not shown on the pricing page at all, so there is no feature row to read either way, and no other document addresses free-tier watermarking. Nothing was unreachable — the vendor simply does not publish it.","The Starter/Growth/Influencer/Ultra cards all list 'No watermark' as an included feature, but the Free tier is not shown on the pricing page at all (see free_plan_exists note), so there is no feature-grid row to read a cross/check against for Free specifically. No other document (home FAQ, pricing FAQ, ToS, privacy, developer docs) mentions watermarks. Principal output (a video) plainly could carry a watermark, so not_applicable does not fit; total silence on the free tier specifically codes unknown."
pass1,faceless-so,credit_rollover_policy,vendor_silence,hand,"HAND. Terms of Service, Privacy Policy, all five developer-docs guide pages, and both FAQ arrays were read in full; all 14 cited sources archived successfully. None mentions rollover, expiry, or unused credits at billing-period end -- genuine documented silence, not an access gap.","Zero mentions of 'roll over', 'rollover', 'expire', 'expiry', or 'unused [credits]' in any source read: Terms of Service (read in full), Privacy Policy (read in full), all five developer-docs guide pages read (credits-and-limits, videos, series, errors-and-rate-limits, getting-started), and both FAQ arrays (home + pricing, read verbatim from their JS chunks). credits-and-limits states only what a credit ledger records ('purchases, subscription grants, spends and refunds') and what does NOT refund credits (deleting a video), never what happens to an unused monthly allowance at period end. Compl"
pass1,faceless-so,failed_generation_charge_policy,vendor_silence,hand,"HAND. The strongest evidence in this batch. Multiple developer docs read; the coder separates WHEN charging happens ('Credits are charged once, at video creation') from what happens on later failure, notes the API reports failures via a status endpoint, and spots that the ledger tracks 'refunds' — then explicitly declines to treat that as determinate because it could equally describe support-issued credits. Silence established by reading, not by searching.","credits-and-limits states 'Credits are charged once, at video creation' (i.e. at request/submission time) - this covers WHEN charging happens, not what happens on a subsequent technical failure, directly paralleling codebook's own Vendor O worked example ('credits are deducted when a job is submitted... covers submission, not outcome'). errors-and-rate-limits and videos docs both describe generation failures as reported via polling (GET /videos/{id}/status returning status:'failed' with errorMessages) but neither states whether the spent credit is kept or returned in that case. The ledger is d"
pass1,faceless-so,renewal_notice_commitment,vendor_silence,pattern,silence signal: \bno document\b,"No document (Terms of Service, pricing page, either FAQ, developer docs, Privacy Policy) makes any statement about notifying the buyer before or after a renewal charge - no mention of receipts, emails, or advance-notice periods of any kind was found anywhere. Distinct from a stated 'no notice' position (which would require an explicit vendor statement that no notice is given, by direct analogy to how no_refunds_stated requires an explicit no-refunds statement rather than mere silence); here the documents simply never raise the topic, so unknown, not no_notice_stated."
pass1,faceless-so,refund_window_days,vendor_silence,pattern,silence signal: \bno document\b,"The refund FAQ answer (quoted under refund_policy_exists) conditions refund eligibility on whether credits have been used, not on a stated number of days - no document anywhere (home FAQ, pricing FAQ, Terms of Service, developer docs) publishes a day-count refund window for the Starter tier or any tier. '0' was considered and rejected: '0' means 'no refunds are given' (a blanket denial), which overstates what the conditional FAQ text actually says. unknown is the literal fit: a window, as a number of days, is simply never published."
pass1,fotor,trial_card_required,vendor_silence,pattern,silence signal: \bno document\b,"No document (pricing page, this article, ToS) states whether payment details are required to START the trial. The article states ""You will be charged after the 7-day free trial"" and instructs cancelling in advance to avoid the charge, which implies stored payment details, but implication is not a statement (per codebook's own worked example on this exact pattern). Not inferred from the signup flow, which was not opened. "
pass1,framer,trial_card_required,vendor_silence,pattern,silence signal: \bno document\b,"No document (pricing page, Enterprise page, ToS, AUP, help center) states whether the Enterprise ""Request Trial"" process requires payment details. It is a contact-sales form with no published terms. "
pass1,framer,trial_length_days,vendor_silence,pattern,silence signal: \bno document\b,"No document publishes a length for the Enterprise trial; it is negotiated via sales contact, not self-serve."
pass1,framer,trial_auto_converts,vendor_silence,pattern,silence signal: \bno document\b,No document states whether the Enterprise trial converts automatically to a paid subscription.
pass1,framer,failed_generation_charge_policy,vendor_silence,hand,HAND. The document covers complexity-based consumption and what happens when a limit is reached ('Any prompt that's already running when you reach the limit finishes normally') but never addresses a failed or errored generation. The vendor addressed the neighbouring question and not this one.,"Document covers complexity-based consumption and limit-reached behavior (""Any prompt that's already running when you reach the limit finishes normally"") but never addresses a failed/errored/empty generation specifically. "
pass1,framer,renewal_notice_commitment,vendor_silence,pattern,silence signal: \bno document\b,"ToS 18.1's ""no notice period shall apply"" governs the CUSTOMER's notice to Framer when cancelling (no advance-notice requirement on the customer), not a Framer-to-buyer notice before a renewal charge. No document found commits Framer to notifying the buyer in advance of a renewal charge specifically. "
pass1,framer,commercial_use_lowest_tier,vendor_silence,pattern,"silence signal: \bno\b.{0,50}\b(?:located|found)\b","Only soft descriptive marketing language found: pricing-page FAQ ""Our Free plan is ideal for non-commercial use. The Basic plan caters to students, freelancers, and small studios"" and the best-use-cases article's similar framing. Neither is a stated grant or restriction of a ""commercial use"" right by tier (no feature-grid ""commercial license"" row found on the pricing page; ToS and AUP read in full, neither addresses commercial use by tier). "
pass1,freepik,free_plan_watermark,vendor_silence,pattern,silence signal: \bno document\b,"No document read states whether free-tier or paid-tier AI-generated images carry a visible watermark or vendor branding. Free plan docs state ""Attribution required on all content"" - a credit/attribution requirement, a distinct construct from a pixel watermark on the output; not treated as equivalent. A watermark-free claim found in search discovery applies only to the separate Mockup Generator tool, out of scope for this product, so not used to code this variable. "
pass1,freepik,failed_generation_charge_policy,vendor_silence,pattern,silence signal: \bno document\b,"No document read (ToS, AI Products Terms, AUP, plans-and-pricing docs, subscriptions-and-refunds docs) states whether a failed, errored, or empty generation consumes a credit. AI Products Terms describe credits being deducted for actions performed but do not address the failure/outcome case. "
pass1,freepik,watermark_removal_tier,vendor_silence,pattern,silence signal: \bno document\b,"No document read (pricing page, ToS, AI Products Terms, AUP, docs, AI Image Generator product page) states which tier(s) apply or remove a watermark on AI-generated image outputs. Same gap noted under free_plan_watermark, including the attribution-vs-watermark distinction. "
pass1,gamma,failed_generation_charge_policy,vendor_silence,pattern,silence signal: \bno statement\b,"No statement describing what happens to credits on a failed/errored/empty generation, after reading the pricing page (both tabs), developers.gamma.app docs, terms of service, and acceptable use policy in full, all re-read live 2026-08-09."
pass1,gamma,renewal_notice_commitment,vendor_silence,pattern,"silence signal: \bno\b.{0,50}\b(?:located|found)\b","Section 9.3(b)(i) references 'the date of Gamma's notice' only conditionally ('in the event that you receive a notice from Gamma'), as an alternate trigger for the 30-day cancellation window, not an unconditional forward commitment to always notify before renewal. The help center cancellation article uses the identical conditional framing. No unconditional advance-notice promise found in either document, both re-read live 2026-08-09."
pass1,gamma,commercial_use_lowest_tier,vendor_silence,hand,"HAND. Terms of Service, Acceptable Use Policy, and the pricing page's Individual and Team tabs were all read in full live (local copies retained only because Cloudflare blocks archive.org's own crawler, not because the coder was blocked). A targeted keyword search for commercial found zero hits describing output-use rights in any of the three.","No commercial-use tier gate or 'commercial license' feature-grid row found after a full re-read (2026-08-09) of the terms of service, the acceptable use policy, and the pricing page's Individual and Team tabs in their entirety (targeted keyword search for 'commercial' returned zero hits describing output-use rights in any of the three documents)."
pass1,godaddy,free_plan_watermark,vendor_silence,pattern,silence signal: \bnot addressed\b,"Free-plan feature comparison (create unlimited apps/sites, 1 published app/site, connect domain, download code, share access) contains no watermark/branding row; not addressed in the credits FAQ, AI Terms of Use, Universal ToS, or Refund Policy either."
pass1,godaddy,failed_generation_charge_policy,vendor_silence,pattern,silence signal: \bno document\b,"No document (pricing page, credits FAQ, AI Terms of Use, Universal ToS, Refund Policy) states whether a failed/errored AI build action consumes a credit."
pass1,godaddy,renewal_notice_commitment,vendor_silence,pattern,"silence signal: \bno\b.{0,50}\b(?:located|found)\b","No advance-notice-before-renewal-charge commitment found; the ToS's notice clauses cover Agreement amendments and Service end-of-life (discontinuation), not routine renewal charges."
pass1,godaddy,commercial_use_lowest_tier,vendor_silence,pattern,silence signal: \bno document\b,"AI Terms of Use assigns Output ownership generally, but no document (AI Terms of Use, Universal ToS, pricing page feature grid) states a distinct commercial-use permission or restriction tied to a specific tier."
pass1,godaddy,watermark_removal_tier,vendor_silence,pattern,silence signal: \bno document\b,"No document (pricing page feature grid, credits FAQ, AI Terms of Use, Universal ToS, Refund Policy) addresses watermarking or GoDaddy branding on Airo Builder outputs at any tier."
pass1,google-veo,free_plan_watermark,vendor_silence,hand,"HAND. The Google Flow help article on watermarking was found and read in full; it documents watermark behavior (invisible SynthID always, a visible-watermark toggle, forced only by residence) but never distinguishes the free, no-subscription allowance from paid tiers. The relevant document was read, not merely searched, and simply does not address the tier-specific question.","The only official watermark statement found is tier-agnostic: ""All outputs generated in Google Flow using Veo, Omni, or Nano Banana include invisible SynthID watermarks... a visible watermark can be added to generated images and videos. You can control this with the 'Visible watermarking' toggle... A visible watermark will be applied automatically if you reside in India, South Korea, or Vietnam."" This ties visible-watermark behavior to a user toggle and to residence, not explicitly to free vs. paid status, and the free (no-subscription) allowance is not called out separately anywhere in this F"
pass1,google-veo,failed_generation_charge_policy,instrument_gap,hand,"AUDIT. Recording vendor silence here states as undocumented a policy the vendor documents verbatim: the study's own hand decision on adjudicated/google-veo/failed_generation_charge_policy reads 'Surface B documents the construct explicitly (You are only charged if your video is successfully generated) ... Coding vendor_silence here would record a documented policy as undocumented.' This pass1 row read only Surface A documents (Flow credits article, Flow get-started FAQ); the unresolved question is which of two non-equivalent official surfaces governs.","Reviewed the Flow credits help article and the Flow get-started FAQ in full; neither states whether a failed, errored, or empty generation consumes credits. Documented silence, per codebook's own note that this variable is ""silent often."" "
pass1,google-veo,renewal_notice_commitment,vendor_silence,pattern,silence signal: \bneither states\b,Reviewed the Terms of Service and the purchase/cancellation/refund help page; neither states a commitment to notify the buyer in advance of a renewal charge (only that charging is automatic and that receipts /charges occur at the start of each cycle). 
pass1,google-veo,commercial_use_lowest_tier,vendor_silence,pattern,silence signal: \bno document\b,"The Flow FAQ directly poses the question -- ""Can I use outputs of these tools for commercial purposes?"" -- and answers only: ""The Terms of Service govern how these tools may be used, and must be consulted and followed in their entirety. Per those terms: Some of our services allow you to generate original content. Google won't claim ownership over that content."" This is a non-committal deflection (explicitly ""consult in their entirety"") that quotes the ownership clause, not an explicit commercial-use grant or denial; ownership and commercial-use permission are distinct constructs (the codebook "
pass1,google-veo,watermark_removal_tier,vendor_silence,pattern,silence signal: \bno document\b,"Same source as free_plan_watermark: the visible-watermark toggle is described tier-agnostically (""You can control this with the 'Visible watermarking' toggle,"" forced on only for residents of India, South Korea, or Vietnam). No tier is named as the lowest one at which a buyer can suppress the visible watermark, and no document confirms whether the free (no-subscription) allowance carries the same toggle. "
pass1,gptzero,headline_price_usd,instrument_gap,hand,"POST-WINDOW RETRIEVAL 2. WAS access_failure. Same geo-bound currency gap, with an additional structural note: an archive capture cannot help here because the crawler stores the pre-hydration shell. The sweep also found that adding a trailing slash moves this vendor's Memento timemap from 0 to 66 captures.","CHANGED under D-007 re-check (2026-08-10) -- see coder_note and gptzero-sources/d007-currency-recheck-2026-08-10.txt for the full arm-by-arm log. From the D-005 rendered capture (orchestrator's rendered read, 2026-08-08): entry tier is Premium, whose card shows ""TRY 549/ month, billed annually"" as the most prominent figure — a real, resolved figure, unlike the superseded record's unresolved pre-hydration placeholder. No USD figure is published anywhere for it on the live page (re-confirmed live 2026-08-10; still TRY 549) -- and TIGHTENED 2026-08-17 under D-056: this absence is of RENDERED cont"
pass1,gptzero,first_charge_amount_usd,vendor_silence,pattern,silence signal: \bno document\b,"Default display state is annual, so rule 2 applies: ""billed annually"" is stated for Premium, but no document (this rendered capture, the ToS, or any of the 7 official support articles read) states that the annual plan is charged as a single payment covering twelve months, as opposed to a recurring charge under a 12-month commitment — the specific confirmation rule 2 requires before a monthly figure may be multiplied by 12 (""multiply by 12 only where the documents state that the plan is charged once for twelve months""). Per rule 3, where the documents do not state this, the value is unknown rat"
pass1,gptzero,trial_card_required,vendor_silence,pattern,silence signal: \bno document\b,"ToS Section 6 continues: ""If the user initiates a free trial, the account will be charged according to the user's chosen subscription... at the end of the free trial."" This implies payment details are collected up front, but implication is not a statement — no document (ToS, D-005 rendered capture, 7 support articles) contains an explicit ""card required""/""no card required"" sentence. Matches the codebook's own worked example (Vendor I): automatic conversion implies stored payment details, but the implication alone codes `unknown`. "
pass1,gptzero,credit_rollover_policy,vendor_silence,pattern,silence signal: \bno document\b,"No document (ToS, D-005 rendered capture, 7 official support articles, including the newly-found overage article) states what happens to an UNUSED portion of the monthly word allowance at period end. The overage article addresses only going OVER the allowance (""charge overages at $0.00046 per word... up to 1 million words before you are asked to upgrade""), which is a different question from rollover of what is left UNUSED. Silence on rollover specifically, so unknown stands. "
pass1,gptzero,failed_generation_charge_policy,vendor_silence,hand,"HAND. ToS in full, a rendered capture, and 7 official support articles including newly-found overage and rate-limit articles. The coder distinguishes technical failure from exceeding the allowance, which the vendor DOES document. The vendor is legible about volume and silent about failure.","The product plainly meters generation: a quantified monthly word allowance (300,000 words/month for the entry tier) and a quantified 30,000-requests /hour rate limit are both documented, so this is not not_applicable. No document (ToS in full, D-005 rendered capture, 7 official support articles including the newly-found overage and rate-limit articles) states what happens to the metered allowance when a scan technically fails or errors, as distinct from completing but returning a result the buyer dislikes, or from exceeding the allowance (which the overage article does cover, but that is volum"
pass1,gptzero,renewal_notice_commitment,vendor_silence,pattern,silence signal: \bno document\b,"The recurring-billing clause states charges happen ""without requiring your prior approval for each recurring charge"" — about not needing pre-charge authorization, a narrower claim than a commitment to advance NOTICE. No document affirmatively commits to advance notice, and none affirmatively states no notice will be sent either. Silence on the notice question specifically, so `unknown` rather than reading `no_notice_stated` into the approval clause. "
pass1,gptzero,output_ownership_statement,vendor_silence,pattern,silence signal: \bno document\b,"CORRECTED EVIDENCE, same value as the superseded record. Re-fetched this article in full via raw HTTP today (not just an AI-summarized read) because two independent reads of it during this pass produced different quotes, which needed settling with the primary text. The full article is two sentences: ""While we retain a copy of submitted text, we do not reproduce the text or disclose it to third parties. This means while a copy of your submission is stored, it is never shown to a third party and you retain ownership of the submission."" The superseded record quoted only the first sentence and con"
pass1,hailuo-ai,annual_default_toggle,access_failure,hand,"HAND. The coder attempted multiple times, across fresh page loads, to view the /subscribe page's actual plan-card/toggle UI, but an unauthenticated session is always client-side redirected away before it renders. The record's own notes flag a specific, unexplained ""$9.99/mo"" figure elsewhere on the site consistent with an undocumented annual toggle that could not be confirmed -- the coder could not reach the UI element this variable asks about, not that the vendor never built one.","Could not be determined: the client app redirects an unauthenticated session away from /subscribe before any plan-card/toggle UI renders, so the toggle's default state could not be visually observed."
pass1,hailuo-ai,auto_renewal_default,vendor_silence,hand,"HAND. Payment Policy and Terms of Service were both read in full and successfully archived; the termination clause describes billing cycles and refusal of refunds but never uses ""renew"" or ""automatic"" anywhere in either document. The coder correctly declined to infer automatic renewal from implication alone -- genuine silence, not an access gap.","Paid subscribers may terminate the paid service at any point during the billing cycle. The termination will take effect at the beginning of the subsequent billing cycle, and no refunds shall be issued for payments already made."
pass1,hailuo-ai,cancellation_self_serve,vendor_silence,pattern,"silence signal: \bno\b.{0,50}\b(?:located|found)\b","Paid subscribers may terminate the paid service at any point during the billing cycle. (States termination is permitted and when it takes effect, but never describes the method — no 'account settings' or 'contact us' language found.)"
pass1,heygen,failed_generation_charge_policy,vendor_silence,pattern,silence signal: \bno statement\b,"No statement found in the terms, the pricing page, or the four help-center billing/credit articles read about whether a failed, errored, or empty generation consumes credits. Searched all read documents for fail/error/unsuccessful/'credited back' with no relevant hits."
pass1,hostinger,trial_length_days,instrument_gap,hand,"AUDIT. ""article documents the trial by its 5-credit grant only and states no day-based duration"" - the trial IS documented, quantified in credits, against a variable that can hold only an integer day count. Identical to the word-metered trial the study hand-assigns instrument_gap twice (pass1 and pass2 undetectable-ai/trial_length_days: 'no slot for a trial whose sole published limit is denominated in words rather than time'). Distinct from canva/picsart trial_length_days silences, where no constraint of any unit was published.",article documents the trial by its 5-credit grant only and states no day-based duration; no other official document located states a day count
pass1,hostinger,trial_auto_converts,vendor_silence,pattern,silence signal: \bno official document\b,"no official document states whether/how the trial converts; article only says a paid plan is required to publish, get more credits, export code, or create more websites"
pass1,hostinger,failed_generation_charge_policy,vendor_silence,pattern,silence signal: \bnone (?:of the documents )?(?:state|address|mention),"documents describe credit cost by request complexity only; none states whether a failed, errored, or empty-result generation consumes credits"
pass1,hostinger,watermark_removal_tier,vendor_silence,pattern,silence signal: \bno document\b,"no document located (pricing page, Special Terms, Universal ToS) mentions a watermark or vendor-branding on outputs in either direction"
pass1,humanizemy-ai-detector,failed_generation_charge_policy,vendor_silence,pattern,silence signal: \bno document\b,"No document states what happens to a technically-failed or errored scan. ""Inconclusive"" is documented as a designed verdict outcome (signals do not clear either threshold), not a technical failure, so it does not resolve this variable; documents are otherwise silent."
pass1,humanizemy-ai-detector,refund_window_days,vendor_silence,hand,"HAND. The dedicated Refund & Cancellation Policy page was read in full and archived successfully; it states three conditions triggering a refund but never a day-count window for requesting one -- the only day figure present is a 14-day response SLA, a different construct the coder correctly declined to substitute.","No day-count eligibility window is published; the policy states conditions (legal requirement / billing error / documented service failure), not a time window. (""We will review the request and respond within 14 days"" is a response-time SLA, not a refund-eligibility window.)"
pass1,humanizemy-ai-detector,commercial_use_lowest_tier,vendor_silence,hand,"HAND. Created by the A-010 correction batch (2026-08-17). The value moved not_applicable -> unknown because sampling-rules 7.2 has no exclusivity requirement and 7.3 needs an affirmative vendor statement, so a paid entry tier is in scope and the construct exists. The vendor is silent about it; documents read and reachable.","A-010 resolved 2026-08-17 (orchestrator/A-001-A-010-A-014-resolution.md). WAS not_applicable. Sampling-rules 7.2 carries no exclusivity requirement, and 7.3 needs no paid tier at all AND a vendor statement saying so, therefore Basic is the forced entry tier for this record. The record's own contractual coding, which binds a detector buyer to that subscription, only coheres with that reading. With a paid tier in scope the construct exists and the vendor is merely silent, which codebook 2.2 makes unknown. Kind: VENDOR SILENCE. Original coder reasoning follows. -- Documented output is a numeric A"
pass1,humanizemy,failed_generation_charge_policy,vendor_silence,pattern,silence signal: \b(?:is|are|remain)s? silent\b,"Product has a metered generation step (requests/month), so not_applicable does not apply. Terms of Service read in full (all 14 sections), Refund & Cancellation Policy, pricing page, and homepage are silent on whether a failed/errored humanization consumes the request allowance; the only 'fails' hit site-wide is unrelated corpus quality control ('any essay that fails the quality floor is pulled from the corpus')."
pass1,humanizemy,refund_window_days,vendor_silence,hand,"HAND. The dedicated Refund & Cancellation Policy (same vendor and page as the sibling humanizemy-ai-detector record) was read in full and archived successfully; it states three conditions triggering a refund but never a day-count window, and the only day figure present is a 14-day response SLA, a different construct.","No day-count window is stated anywhere for how long after purchase a refund may be requested; refund availability is condition-triggered (legal requirement / duplicate-or-incorrect charge / documented material service failure), not window-triggered. The only day figure present, 'respond within 14 days', is the vendor's own response SLA, not a request deadline."
pass1,humanizemy,commercial_use_lowest_tier,vendor_silence,pattern,silence signal: \bno document\b,"No document (pricing feature grid, Terms of Service, Refund & Cancellation Policy, homepage) contains a commercial-use grant or restriction clause for outputs. Terms §5 restricts only reselling/redistributing Service output 'as a competing service without written permission' — a distinct construct from ordinary commercial use of the humanized text. Site-wide sweep found 'commercial' only in an unrelated self-description ('the comparison pages are commercially independent')."
pass1,humbot,free_plan_cap_documented,vendor_silence,hand,"HAND. The pricing page was loaded three separate times and no visible card, table row, or FAQ text ever displayed a Free-plan limit to a reader. The coder did locate a Free SKU figure (200 words/mo, 100-word input) in the page's inert embedded JSON, but that data is never rendered to a buyer, so it does not constitute vendor disclosure -- access was not the obstacle, the vendor's own page never shows it.","No visible card, table row, or FAQ text anywhere on the page states a number for the Free plan's word or input limits (confirmed no DOM element containing bare text 'Free' exists on the rendered page); the vendor's embedded catalog does carry a Free SKU figure (200 words/mo, 100-word input) but it was never observed rendered to a reader across three separate loads, so it is not treated as documented. See humbot-sources/credit-usage-guide-2026-08-09.md."
pass1,humbot,free_plan_cap_value,vendor_silence,pattern,"silence signal: \bno\b.{0,50}\b(?:located|found)\b",Follows from free_plan_cap_documented = unknown; no reader-facing figure found.
pass1,humbot,free_plan_watermark,vendor_silence,pattern,silence signal: \bnot addressed\b,"Not addressed anywhere in the documents read (pricing page, ToS, refund policy)."
pass1,humbot,free_plan_duration,vendor_silence,pattern,silence signal: \bnot addressed\b,Not addressed anywhere in the documents read; FAQ frames it as something to 'try... before subscribing' without stating perpetual vs time-limited.
pass1,humbot,credit_rollover_policy,vendor_silence,pattern,silence signal: \bnone (?:of the documents )?(?:state|address|mention),"Pricing page, Credit Usage Guide modal, Terms of Service, and Refund Policy all read; none states what happens to unused Basic/Advanced Words at period end. Programmatic full-text search for 'rollover'/'roll over'/'expire'/'unused'/'carry over' across the pricing page and open modal returned no matches."
pass1,humbot,failed_generation_charge_policy,vendor_silence,pattern,silence signal: \bnot addressed\b,"Not addressed in any document read. ToS states only 'Each subscription plan includes specific usage limits, and exceeding these may result in additional charges or temporary suspension' -- about exceeding quantified limits, not about failed/erroring generations specifically."
pass1,humbot,watermark_removal_tier,vendor_silence,hand,"HAND. Created by the A-018 correction batch (2026-08-17). The value moved not_applicable -> unknown; the silence finding underneath it was unchanged and was re-verified across all four local captures for brand/logo/powered-by/attribution/white-label language. Documents read and reachable, vendor never addresses the construct.","ADJUDICATION QUEUE A-018, resolved 2026-08-17 (orchestrator/A-018-resolution.md). WAS not_applicable on the reasoning below; corrected to unknown, kind = VENDOR SILENCE. Decided on documentary evidence rather than on precedent: a direct competitor in this same category with the same rewritten-text output answers the watermark question outright in its own pricing FAQ ('Will my texts be watermarked in the future? No.'), and a construct a competitor resolves in standard category vocabulary is not one incapable of existing for the output type. Note also that the two governing documents word the te"
pass1,humbot,output_ownership_statement,vendor_silence,hand,"HAND. Terms of Service was read in full (public archiving failed twice with HTTP 520, but the coder read the live page directly and retained a local copy); the Intellectual Property section addresses only the vendor's own site/software Materials and never addresses ownership of the user-generated humanized-text output.","Intellectual Property section addresses only Humbot's OWN 'Materials' (site, software, trademarks) -- 'You have no rights in or to the Materials' -- and never addresses ownership of the user-generated humanized-text output. Full text searched for 'output'/'ownership'/'you own': no matches."
pass1,hyperleap,failed_generation_charge_policy,vendor_silence,pattern,silence signal: \bno document\b,"help center FAQPage JSON-LD addresses exceeding the monthly quota (""We'll notify you at 80% usage. If you exceed your limit, you can upgrade your plan or purchase additional conversation credits. Your chatbot continues working."") but no document addresses a technical failure / error / empty-result case specifically"
pass1,hyperleap,renewal_notice_commitment,vendor_silence,pattern,silence signal: \bno (?:such )?(?:clause|commitment|figure|mention)\b,"Terms of Use and Payment Terms searched in full for ""notice""/""renew""; no clause commits to notifying the buyer before a renewal charge specifically — ""notice"" language found covers only Payment Terms changes (30 days) and account termination (15 days)"
pass1,hyperleap,commercial_use_lowest_tier,vendor_silence,pattern,silence signal: \bno document\b,"no document makes an on-point statement about commercial use of chatbot outputs; TOS 10.1 (""may not be used in connection with any commercial endeavours except those... endorsed or approved by Us"") and 11.1 (""non-commercial right to access and use the Platform"") attach to the platform-access license / anti-resale restriction, not to outputs — see coder_note"
pass1,ideogram,free_plan_watermark,vendor_silence,hand,"HAND. ToS 6.2(H) prohibits users removing watermarks, which establishes watermarks can occur but never says which tiers carry them. The vendor addresses the topic and is silent on the construct this variable measures. Documented silence, not an access failure — every document was read.","ToS section 6.2(H) only prohibits users from 'remov[ing] any watermarks included on any User Output', establishing watermarks can occur but not which tier(s) carry or omit them. Pricing page, its FAQ, available-plans doc, and usage-policy are all silent on watermarking by tier."
pass1,ideogram,failed_generation_charge_policy,vendor_silence,pattern,silence signal: \bno official document\b,"No official document (pricing page/FAQ, ToS, usage-policy, or billing docs) states what happens to credits on a failed, errored, or empty generation; searched all four in full for 'fail'/'error' language with no result."
pass1,ideogram,renewal_notice_commitment,instrument_gap,hand,"AUDIT. ""ToS 'reasonable notice' clause (section 2, price/plan changes) does not cover routine renewal charges"" - a documented notice commitment on a different trigger, which the advance_notice_stated/no_notice_stated pair cannot express. Study's own named event-conditional-notice gap (hand: pass1/picsart, adjudicated/colossyan, adjudicated/jobscan).","Docs describe only how to self-check your own renewal date/billing cycle in the billing portal; no document commits to proactively notifying the buyer before a renewal charge. ToS 'reasonable notice' clause (section 2, price/plan changes) does not cover routine renewal charges."
pass1,ideogram,watermark_removal_tier,vendor_silence,hand,"HAND. Same clause, same limit: it establishes watermarks exist without naming a removal tier. No pricing row or docs page states one.","ToS section 6.2(H) only prohibits removing watermarks ('remove any watermarks included on any User Output'), which establishes watermarks can occur but not which tier(s) carry or omit them; no pricing-page row or docs page states a watermark-free tier."
pass1,invideo-ai,free_plan_cap_value,vendor_silence,hand,"HAND. The credit-allowance help doc and the official free-plan help article were both read; both describe the free plan's limit only as the word ""Limited,"" with a reset period but no number. Nothing was quantified because the vendor never quantified it -- a third-party AI-overview surfaced numbers, but the coder correctly excluded that non-official source per protocol.","No quantified limit exists to record; the only documented free-plan figure is the word ""Limited"", which free_plan_cap_value's own rule forbids paraphrasing into a number."
pass1,invideo-ai,free_plan_watermark,vendor_silence,pattern,silence signal: \bno document\b,"No document read (pricing page, credits docs, free-plan help article, Terms and Conditions) states whether Free-plan outputs carry a watermark or vendor branding. The pricing page states paid tiers export ""without watermark"" but never contrasts this against the Free plan explicitly."
pass1,invideo-ai,failed_generation_charge_policy,vendor_silence,pattern,silence signal: \bno document\b,"""Am I charged per generation? Yes. Credits are charged differently for video creation, generative models, and premium features. The cost depends on the model, the output length, and the resolution."" -- addresses successful-generation charging only; no document read (this page, the pricing-page FAQ, the Terms and Conditions) states what happens to credits on a failed, errored, or empty-result generation."
pass1,ismybrandinai,free_plan_cap_documented,vendor_silence,hand,"HAND. Home page, tools index, the tool's own product page, About, Terms, and the methodology page were all read (the tools index has only a local copy after archive.org's save returned 404 three times, but the coder still read it); none describes any limit, quota, or explicit no-limit statement for free use.","No limit of any kind is described for free use in any document read (no quota, rate, seat, storage, or resolution limit), and no explicit no-limit statement exists either; the free plan's limits are not described at all."
pass1,ismybrandinai,free_plan_cap_value,vendor_silence,hand,"HAND. Cascades directly from free_plan_cap_documented=unknown: with no limit of any kind described anywhere across the six documents read, there is nothing quantified to record.",No quantified free-plan limit documented anywhere.
pass1,ismybrandinai,commercial_use_lowest_tier,vendor_silence,pattern,silence signal: \bno document\b,"The tools generate artifacts (terms: 'You're responsible for reviewing anything you generate before you publish or rely on it'), so the construct exists, but no document addresses commercial use of tool outputs; the terms' IP clause covers site content only."
pass1,ismybrandinai,output_ownership_statement,vendor_silence,pattern,silence signal: \bno document\b,"Product generates artifacts, but no document assigns ownership of them. Terms IP clause: 'The content on this site is ours unless stated otherwise.' covers site content; 'You're responsible for reviewing anything you generate' assigns responsibility, not ownership."
pass1,jobscan,free_plan_watermark,vendor_silence,pattern,silence signal: \bno official document\b,"Silent on both the plan page and the dedicated resume-builder page (see jobscan-sources/resume-builder-check.txt). A third-party (non-official) summary claimed ""no watermarks"" but no official document states this, so per the documents-only rule it is not coded from it; unknown stands."
pass1,jobscan,trial_card_required,vendor_silence,pattern,silence signal: \bno document\b,"No document states whether payment details are required to start the trial. The billing FAQ (""Once your trial ends, you will be billed for the next quarter..."") implies a card is on file by the time the trial converts, but implication is not a statement -- this matches the codebook's own Vendor I worked example exactly (automatic conversion implies stored payment details, but that is not the same as a card-required statement)."
pass1,jobscan,credit_rollover_policy,vendor_silence,pattern,silence signal: \bnot stated\b,"""Premium users get 2 free Auto Apply credits, and their balance is topped up to 2 credits each month."" -- addresses only the size of the monthly free allotment, not stated whether unused free credits or unused purchased-pack credits carry over or expire. Per rule 4, silence is unknown; not inferring from the reset-suggestive ""topped up to"" wording without an explicit statement."
pass1,jobscan,failed_generation_charge_policy,vendor_silence,pattern,silence signal: \bno document\b,"No document (ToS read in full, cancellation-policy, plan page, auto-apply page) states what happens to a free-tier scan or an Auto Apply credit if the underlying action fails or errors out. Silent, per rule 3 this is the expected/common finding."
pass1,jobscan,renewal_notice_commitment,instrument_gap,hand,"DOCTRINE 2026-08-17 (orchestrator/doctrine-event-conditional-notice.md). Same correction and same reason as colossyan: a notice commitment scoped to fee changes, none for ordinary renewal, and an adjudicated sibling already classified instrument_gap on the same facts. Flagged as stale by the pattern audit even though it sat outside the audit's slice.","ToS §6 and the cancellation-policy page both describe the renewal/billing mechanism in some detail but neither commits to (nor explicitly disclaims) notifying the buyer in advance of a renewal charge; the ""Fee Changes"" clause only promises notice of PRICE changes (""in accordance with applicable law""), not of routine renewal charges at the existing price. Coded unknown rather than inferring an absence from silence."
pass1,jobscan,commercial_use_lowest_tier,vendor_silence,pattern,silence signal: \bno document\b,"ToS §2 (Intellectual Property Rights) grants a limited license to Jobscan's OWN content/software for personal, non-commercial use; §7 (Prohibited Activities) bars using the Services for competing or ""revenue-generating endeavors"". Neither of these addresses commercial use of the AI-generated outputs (optimized resume text, AI-written cover letters/bullet points) the product produces for the buyer. No document found anywhere (ToS in full, SaaS Agreement -- which governs a separate enterprise/Order-Form customer track, not the entry tier -- cancellation-policy, plan page) states a commercial-use"
pass1,jobscan,watermark_removal_tier,vendor_silence,pattern,silence signal: \bno document\b,"No document states that any tier's outputs (downloadable resumes/cover letters, or scan reports) do or do not carry a watermark or Jobscan branding (see also free_plan_watermark and jobscan-sources/resume-builder-check.txt). Coded unknown rather than not_applicable: the product's outputs include downloadable documents (resume/cover-letter files), a media-artifact type a watermark could in principle mark, so documented absence cannot be presumed without a statement."
pass1,jobscan,output_ownership_statement,vendor_silence,pattern,silence signal: \bno (?:such )?(?:clause|commitment|figure|mention)\b,"ToS §8-9 (""User Generated Contributions"" / ""Contribution License"") address content a user posts PUBLICLY to Jobscan (forums, comments) -- ""We do not assert any ownership over your Contributions. You retain full ownership..."" -- which is the opposite direction from, and a different construct than, ownership of the outputs Jobscan GENERATES FOR the user (optimized resume text, AI cover letters). No clause addresses that. The SaaS Agreement's IP section covers a separate enterprise/Order-Form customer track and ""Customer Content"" (data the customer uploads), not generated output either. Product p"
pass1,julius-ai,free_plan_watermark,vendor_silence,pattern,silence signal: \bno document\b,"No document (pricing page, ToS, credits-overview, FAQs) states whether free-plan outputs carry a watermark or Julius branding; the word 'watermark' does not appear in any of them (checked via full-text keyword search of each)."
pass1,julius-ai,failed_generation_charge_policy,vendor_silence,pattern,silence signal: \bnot addressed\b,"Troubleshooting FAQs ('Julius crashed in the middle of an analysis', 'What can I do if my container is crashing?') describe recovery steps but state nothing about whether credits are consumed for a failed or crashed generation; not addressed in ToS, refund policy, or credits-overview either."
pass1,julius-ai,renewal_notice_commitment,vendor_silence,pattern,silence signal: \bno document\b,"No document commits to, or disclaims, notifying the buyer in advance of a renewal charge; managing-subscriptions, ToS, and the refund policy are all silent on advance notice."
pass1,julius-ai,refund_window_days,vendor_silence,hand,"HAND. The dedicated Refund Policy page, Terms of Service, and FAQs were all read (the refund-policy page has only a local copy since archive.org's save attempts returned HTTP 520 twice, but the coder read it directly); refunds are case-by-case and discretionary with named conditions, but no day-count eligibility window appears in any of the three.","No day-count window is stated anywhere in the dedicated Refund Policy page, the ToS, or the FAQs; refunds are discretionary and case-by-case with no stated eligibility period."
pass1,julius-ai,commercial_use_lowest_tier,vendor_silence,pattern,silence signal: \bno document\b,"No document (pricing page, ToS, docs, FAQs) contains the word 'commercial' in relation to output-use rights; ToS grants full ownership of AI Content (Section 4) but does not separately address commercial versus personal use of that content on any tier."
pass1,julius-ai,watermark_removal_tier,vendor_silence,pattern,silence signal: \bdoes not appear\b,"'Watermark' does not appear anywhere in the pricing page, ToS, docs, or FAQs (checked via full-text keyword search), despite paid tiers advertising exportable artifacts ('Export slides, HTML artifacts, charts, and images') that could plausibly carry branding."
pass1,kling-ai,trial_card_required,vendor_silence,hand,"HAND. Credits Policy (which documents the 7-Day Trial Membership's existence and length), the Terms of Paid Service, and the pricing page were all read; none states whether a payment card is required to start the trial. All three documents were reachable and read in full -- no unretrieved document is implicated for this specific sub-question.","Neither Credits Policy, payment-policy, nor the pricing page states whether payment card details are required to start the 7-Day Trial Membership."
pass1,kling-ai,trial_auto_converts,vendor_silence,pattern,silence signal: \bno document\b,"No document states whether the 7-Day Trial Membership converts to a paid subscription automatically; payment-policy's Automatic Renewal Service Rules describe ""Monthly Subscription""/""Yearly Subscription"" conversion but do not name the trial construct."
pass1,krea-ai,free_plan_watermark,vendor_silence,pattern,silence signal: \bzero occurrences?\b,"'watermark' has zero occurrences on the pricing page, zero in the full Terms of Use text (45,338 chars, programmatically verified), and zero across the ~170-page documentation-site index (docs-site-index-llms-txt); no official document addresses free-plan watermarking either way."
pass1,krea-ai,watermark_removal_tier,vendor_silence,pattern,silence signal: \bzero occurrences?\b,"'watermark' has zero occurrences on the pricing page, zero in the full Terms of Use text, and zero across the ~170-page documentation index; no official document states whether any tier's outputs are watermarked."
pass1,leonardo-ai,free_plan_watermark,vendor_silence,pattern,silence signal: \bdoes not appear\b,"Checked pricing page, Terms of Service (full text + full HTML string search), Refund Policy, Token Usage article, Token Rollover article, Commercial Usage article, general FAQ, Tokens FAQ -- 'watermark' does not appear in any of them"
pass1,leonardo-ai,failed_generation_charge_policy,vendor_silence,pattern,silence signal: \bnone (?:of the documents )?(?:state|address|mention),"Checked Token Usage, Token Rollover, and Tokens FAQ (official Help Center) plus the Terms of Service -- none states what happens to tokens when a generation fails or errors"
pass1,leonardo-ai,refund_window_days,vendor_silence,hand,"HAND. The dedicated Refund Policy page and Terms of Service were both read via browser rendering (Cloudflare blocks static fetches and archive.org's own save attempts returned HTTP 520, but the coder reached and read the live pages directly); refund eligibility rests on six named fault circumstances, but no day-count window appears anywhere.","No day-count window is stated anywhere in the dedicated Refund Policy or the Terms; eligibility is fault/consumer-guarantee-triggered (see refund_conditions), not a 'within N days' window"
pass1,leonardo-ai,watermark_removal_tier,vendor_silence,hand,"HAND. No watermark policy of any kind is documented, so a removal tier cannot be determined for a policy that was never stated. Correctly not coded not_applicable: image output could carry a watermark.",No watermark policy of any kind is documented (see free_plan_watermark); a removal tier cannot be determined for a policy that is never stated. Not not_applicable: image output is a media artifact that could carry a watermark.
pass1,lovo-ai,failed_generation_charge_policy,vendor_silence,hand,"POST-WINDOW RETRIEVAL 2026-08-17. WAS access_failure. The Cloudflare-blocked Help Centre renders normally to a browser read; all 53 help articles were enumerated and the construct is absent from every one. The document we could not reach does not address it, so the silence is the vendor's after all.","Checked: full ToS read (archived 2026-07-28) and pricing page (archived 2026-04-03) - neither states what happens to allowance on a failed/errored generation. Help center Payment-and-Billing section could not be reached (Cloudflare-blocked live; no archive.org capture pursued given the effort cap). Codebook: ""this variable is silent often. That is the finding."""
pass1,lovo-ai,renewal_notice_commitment,vendor_silence,pattern,silence signal: \bno statement\b,"Full ToS read plus the three fetched help-center articles: no statement of any advance-notice commitment before a renewal charge was found (silence, not an explicit ""no notice"" statement, so coded unknown per the codebook's general silence convention rather than the explicit-absence value)"
pass1,midjourney,failed_generation_charge_policy,vendor_silence,pattern,silence signal: \bnone (?:of the documents )?(?:state|address|mention),"Read the GPU-Speed cost docs, the Requesting a Refund article, and the ToS in full; none states what happens to Fast-time consumption when a generation fails or errors."
pass1,midjourney,refund_window_days,vendor_silence,pattern,silence signal: \bno document\b,"Eligibility is gated by lifetime USAGE ('less than 20 GPU minutes throughout the lifetime of your account'), not by a stated day-count window; no document states a number of days for this variable."
pass1,midjourney,watermark_removal_tier,vendor_silence,pattern,silence signal: \bno document\b,"No document (ToS, plans page, or any help-center article read) mentions a visible watermark or vendor branding stamped on outputs at any tier."
pass1,mubert,first_charge_amount_usd,vendor_silence,pattern,silence signal: \bno official document\b,"Pricing page states only 'Billed annually' next to the per-month figure, never an annual total or a 'charged once for N months' statement. The one document that addresses payment cadence, the FAQ ('Which payment options are available?'), says: 'You can choose to pay in either monthly or annual installments' -- 'installments' does not confirm a single upfront annual charge versus the annual plan itself being billed in monthly installments. No official document states the billing frequency determinately enough to compute a first-charge figure, so per codebook rule 3 (domain 1, first_charge_amoun"
pass1,mubert,free_plan_watermark,vendor_silence,pattern,silence signal: \b(?:is|are|remain)s? silent\b,"DOM: the Ambassador card's div.pricing-card__features is completely empty -- no watermark row at all, checked or crossed (contrast: Creator/Pro/Business each show an explicitly checked 'No audible watermark' row, accent-color fill icon, non-disabled span). Pricing table is silent for the free tier specifically, which the codebook's own rule reads as unknown, not a documented cross. The FAQ ('How to remove the watermark?') states generically 'Mubert watermark is added to prevent fraudulent activity. The watermark will be deleted once you download the track to your device' -- this is not scoped "
pass1,mubert,failed_generation_charge_policy,vendor_silence,pattern,silence signal: \bno document\b,"No document -- FAQ, pricing page, ToU, or license page -- addresses what happens to the monthly generation allowance when a generation fails, errors, or produces nothing usable. Silent."
pass1,mubert,auto_renewal_default,vendor_silence,pattern,silence signal: \bno document\b,"No document uses the words 'renew' or 'automatically' about the subscription (grepped across all fetched documents: zero matches for 'renew'). The FAQ describes a self-serve cancel flow ('What happens if I cancel the Subscription?'; 'How do I cancel my subscription? -- You can cancel your subscription in My Profile section.'), which implies an ongoing recurring arrangement exists, but implication is not a statement (same standard the codebook itself applies to trial_card_required's Vendor I example), so this is coded unknown rather than 'on'."
pass1,mubert,renewal_notice_commitment,vendor_silence,pattern,silence signal: \bno (?:such )?(?:clause|commitment|figure|mention)\b,"No commitment to notify before a renewal charge, and no denial of one, appears in any document."
pass1,murf-ai,free_plan_watermark,vendor_silence,pattern,silence signal: \bdoes not appear\b,"The word ""watermark"" does not appear on the pricing page, in the Terms of Service, or in the help-center ""Free Trial Features"" article; official sources describe the free tier as having ""No Downloads"" rather than watermarked downloads. Third-party review sites claim free-tier downloads are watermarked, but protocol 6.2/codebook section 1.6 bar coding a value from third-party sources, and those claims are also in tension with the official ""No Downloads"" statement -- not used to justify a value."
pass1,murf-ai,failed_generation_charge_policy,vendor_silence,pattern,silence signal: \bnever states\b,"Article (read in full) lists causes of a failed synthesis (VGT exhausted, payment failed and plan not renewed, invalid IPA, unrecognized character) but never states whether a failed attempt consumes Voice Generation Time."
pass1,murf-ai,watermark_removal_tier,vendor_silence,pattern,silence signal: \bno official document\b,No official document states that any tier's outputs do or do not carry a watermark (see free_plan_watermark).
pass1,murf-ai,output_ownership_statement,vendor_silence,pattern,silence signal: \bno (?:such )?(?:clause|commitment|figure|mention)\b,"ToS 3.1 defines ""Content"" narrowly as ""the content and information that you submit to the Services"" and states the user owns and licenses THAT to Murf -- this addresses user-submitted input (scripts, cloning training audio), not the AI-generated voiceover output. No clause in the ToS or in Product-Specific Terms addresses who owns the generated audio output for the Studio product specifically (contrast: Product-Specific Terms 9.1.2(a) grants Murf API customers a license -- not ownership -- to ""Generated Content"", but that clause is scoped to the API product line, a different product from Studi"
pass1,myperfectresume,free_plan_watermark,vendor_silence,pattern,silence signal: \bno document\b,"0 hits for ""watermark"" across the full terms-conditions text (113,851 chars) and the pricing page; free-tier restriction is a complete TXT-only format lock, not a watermark mechanism, and no document states either way"
pass1,myperfectresume,trial_card_required,vendor_silence,hand,HAND. Created by the A-012 correction batch (2026-08-17). The value moved yes -> unknown because the variable's rule 3 bars inference and the original value was inferred from a non-zero charge. No document states whether payment details are required; the pricing page and its surrounding documents were read and reachable.,"ADJUDICATION QUEUE A-012, resolved 2026-08-17 (orchestrator/A-012-resolution.md). WAS ""yes""; corrected to unknown, kind = VENDOR SILENCE. This variable's rule 3 explicitly BARS inference and makes vendor silence unknown, and the original value was reached by inference -- the coder said so in its own evidence: a non-zero immediate charge 'necessarily requires payment details'. That is a sound inference and it is still an inference. No document states whether payment details are required. Direction: this correction COSTS the vendor 2 points on B3 (5 to 3), and is applied with the same care an ow"
pass1,myperfectresume,commercial_use_lowest_tier,vendor_silence,pattern,silence signal: \bno document\b,"No document grants or denies a commercial-use right for the resume/cover-letter output itself. One AUP phrase found -- ""you are obliged to refrain from transmitting any commercial, advertising, or promotional materials, or use the digital resume for commercial purposes"" -- appears in the Bold.pro public-profile acceptable-use rules (anti-spam/anti-advertising via the profile page), a different context from licensing the resume output; not used to code a determinate value. See coder_note."
pass1,myperfectresume,watermark_removal_tier,vendor_silence,pattern,silence signal: \bno document\b,"0 hits for ""watermark"" anywhere in the terms or pricing page; MyPerfectResume gates the free plan by complete format lock (TXT only) rather than by watermarking, and no document states a watermark policy either way"
pass1,nicepage,trial_card_required,vendor_silence,pattern,silence signal: \bno document\b,no document states whether payment details are required to start the account-creation-triggered trial
pass1,nicepage,trial_auto_converts,vendor_silence,pattern,silence signal: \bno document\b,"no document states the trial converts, continues, or renews into a paid charge; the trial is tied to account creation, separate from the Buy/checkout flow"
pass1,nicepage,renewal_notice_commitment,vendor_silence,pattern,silence signal: \bno document\b,no document commits to notifying the buyer before a renewal charge
pass1,nicepage,output_ownership_statement,vendor_silence,pattern,silence signal: \bneither states\b,"/terms and /agreement read in full; both address ownership of NICEPAGE's own Content/Work (templates, site materials), neither states who owns a user's generated/published website"
pass1,openai-sora,headline_price_usd,vendor_silence,hand,"POST-WINDOW RETRIEVAL 2. WAS access_failure. Covered by sweep 1's enumeration of the entire pre-shutdown help collection and its full recovery of the only billing document that ever existed, which contains zero occurrences of $. Inherited rather than independently re-verified: archive.org's replay path was 503 throughout sweep 2, though the timemap confirmed exactly 31 mementos and both slugs 404 live.","Live page: 'Sora is no longer available.' No dedicated Sora price was found on sora.com, on openai.com/sora/, or in the last pre-shutdown archived ChatGPT plans page (2026-04-20); the one document most likely to state it, the Sora Billing & Credits FAQ, could not be recovered. See coder_note for the full three-surface search."
pass1,openai-sora,headline_billing_basis,vendor_silence,hand,"POST-WINDOW RETRIEVAL 2. WAS access_failure. The retrieved document ADDRESSES the construct, which makes the reclassification the smaller half of the finding: the vendor did publish here and our instrument missed it. Caveat: the article self-scopes to 'Sora 1 on Web'.","No headline figure was located on any checked surface, so no billing basis could be read; see headline_price_usd."
pass1,openai-sora,first_charge_amount_usd,vendor_silence,hand,"POST-WINDOW RETRIEVAL 2026-08-17 (orchestrator/post-window-retrieval.md). WAS access_failure. The Billing FAQ was recovered in full from an earlier capture — the coder had checked only the newest of 31 and correctly found a bot-wall shell there. The recovered article contains ZERO occurrences of $, credit, trial, annual or refund, and enumerating the entire help collection from the last pre-shutdown capture establishes it was the ONLY billing document that ever existed. This is now a verified positive finding: the vendor never published a consumer price. Stronger than the unknown it replaces.",No pricing page or billing document stating a first-charge amount could be located or recovered.
pass1,openai-sora,mandatory_addon_present,access_failure,hand,"HAND. The coder names the exact document that would settle this, the Sora Billing & Credits FAQ, and states it returns HTTP 404 live with only an empty archived app shell recoverable -- ""unknown is for documentation that could not be located at all,"" in the coder's own words.","The billing/credits documentation that would address a required add-on charge returns HTTP 404 live and is an empty archived app shell; per codebook rule 5, unknown is for documentation that could not be located at all."
pass1,openai-sora,annual_condition_disclosure,vendor_silence,hand,POST-WINDOW RETRIEVAL 2. WAS access_failure. Same recovered document and enumeration; no annual condition is stated anywhere.,No headline figure exists to attach an annual-prepayment condition to; the last reachable pre-shutdown ChatGPT pricing capture does not mention Sora at all.
pass1,openai-sora,annual_default_toggle,vendor_silence,hand,"HAND (2026-08-17, D-075). WAS access_failure. Sweep 3 read all ten recovered documents: 'annual' and 'yearly' occur zero times across the set. Reachable, read in full, silent.","Current live page carries no billing toggle (shutdown notice only); the last reachable pre-shutdown archived Sora surfaces (openai.com/sora/, chatgpt.com/pricing) likewise show no Sora-specific billing toggle."
pass1,openai-sora,free_plan_exists,vendor_silence,hand,"POST-WINDOW RETRIEVAL 2. WAS access_failure. Retrieved document addresses the construct; our miss. The sweep flags this as where its 'Sora 1 on Web' self-scoping bites hardest, so treat the value as established for that surface only.",No official document states either that a no-cost Sora plan existed or that none did; a documented credit-purchase mechanism existed (see credit_system_present) but its relationship to a possible free baseline is not stated anywhere reachable.
pass1,openai-sora,free_plan_cap_documented,access_failure,hand,"AUDIT. 'Follows free_plan_exists = unknown', which is itself unknown because nothing is 'stated anywhere reachable'; a cascade inherits its parent's kind and the parent is an access failure.",Follows free_plan_exists = unknown; no document describes free-plan limits.
pass1,openai-sora,free_plan_cap_value,access_failure,hand,"AUDIT. 'No quantified free-plan limits located' -- on a record whose pricing and product-documentation classes were never retrieved, so the read-and-reachable precondition for vendor_silence is not met.",No quantified free-plan limits located.
pass1,openai-sora,free_plan_watermark,access_failure,hand,"AUDIT. Same construct as watermark_removal_tier on this record, whose evidence says 'no Sora product documentation was reachable to check further'.",No document addresses watermarking of any Sora output tier.
pass1,openai-sora,free_plan_duration,access_failure,hand,"AUDIT. 'No document addresses whether a no-cost tier, if any, was perpetual' -- the free-plan question is unassessable because the pricing-page and documentation classes could not be reached for Sora (coder_note).","No document addresses whether a no-cost tier, if any, was perpetual or time-limited."
pass1,openai-sora,trial_exists,vendor_silence,hand,"POST-WINDOW RETRIEVAL 2026-08-17. WAS access_failure. Same recovered Billing FAQ, same enumeration of the full help collection: no trial is documented anywhere, and the word 'trial' does not occur in the only billing document the vendor ever published.","Full-text search of the Terms of Use (the only one of the three prioritized document classes for this pricing-class variable that was reachable) found no mention of a free trial anywhere; the live pricing page and product documentation classes, which rank above the terms for this variable, could not be reached for Sora, so the rule's 'pricing page and documentation mention no trial' test for coding no is not met."
pass1,openai-sora,trial_card_required,vendor_silence,hand,"POST-WINDOW RETRIEVAL 2. WAS access_failure. No trial is documented at all, so no card requirement is either. Consequent on the trial findings sweep 1 established.",No trial mechanism was confirmed to exist (see trial_exists); no statement on card requirements was found.
pass1,openai-sora,trial_length_days,vendor_silence,hand,POST-WINDOW RETRIEVAL 2026-08-17. WAS access_failure. Consequent on trial_exists: the recovered document and the enumerated help collection contain no trial and therefore no length.,No trial length stated in any reachable document.
pass1,openai-sora,trial_auto_converts,vendor_silence,hand,"POST-WINDOW RETRIEVAL 2026-08-17. WAS access_failure. Consequent on trial_exists, on the same recovered evidence.",No trial conversion behavior stated in any reachable document.
pass1,openai-sora,credit_unit_defined,vendor_silence,hand,"POST-WINDOW RETRIEVAL 2026-08-17. WAS access_failure. The recovered Billing FAQ contains no occurrence of 'credit', and the retrieval established there was never a separate credits FAQ — the article's real title contains no such word. The vendor never defined a credit unit.","The Sora Billing & Credits FAQ, the document that would define what one credit equals in output terms, returns HTTP 404 live; its only recoverable archive.org capture is an empty app shell with no article text."
pass1,openai-sora,credit_to_output_rate_published,vendor_silence,hand,"POST-WINDOW RETRIEVAL 2026-08-17. WAS access_failure. Same recovered document, same absence of any credit vocabulary; no rate was ever published.",Same unrecoverable-document reasoning as credit_unit_defined.
pass1,openai-sora,credit_rate_location,vendor_silence,hand,"POST-WINDOW RETRIEVAL 2. WAS access_failure. The recovered article contains no credit vocabulary and there was never a separate credits FAQ, so no rate and no location.",The document most likely to carry a published rate could not be located/read; no rate was found on any surface that was reachable.
pass1,openai-sora,cost_per_output_computable,vendor_silence,hand,"POST-WINDOW RETRIEVAL 2026-08-17. WAS access_failure. Follows from the price and credit findings above, both now verified against the recovered document rather than inferred from an unreachable one.","The entry-tier price, credit allowance, and credit-to-output rate are all unknown because the document that would state them could not be recovered; no calculation can be attempted."
pass1,openai-sora,credit_rollover_policy,vendor_silence,hand,POST-WINDOW RETRIEVAL 2. WAS access_failure. Same absence of credit vocabulary in the only billing document the vendor published.,No rollover/expiry statement for Sora credits was found in any reachable document.
pass1,openai-sora,failed_generation_charge_policy,access_failure,hand,"AUDIT. 'No statement ... was found in any reachable document' -- identical construction to trial_length_days and trial_auto_converts on this same record, both hand-decided access_failure.",No statement on whether failed generations consume credits was found in any reachable document.
pass1,openai-sora,commercial_use_lowest_tier,vendor_silence,hand,POST-WINDOW RETRIEVAL 2. WAS access_failure. Construct absent from the recovered document and from the enumerated collection.,"Full-text keyword search ('commercial', 'business purpose', 'monetiz', 'resell') of the Terms of Use found no clause addressing commercial use of Output; no Sora-specific documentation was reachable to check further."
pass1,openai-sora,watermark_removal_tier,vendor_silence,hand,POST-WINDOW RETRIEVAL 2. WAS access_failure. Retrieved document addresses the construct; our miss. Same 'Sora 1 on Web' scope caveat.,No mention of 'watermark' anywhere in the Terms of Use; no Sora product documentation was reachable to check further.
pass1,openai-sora,usage_cap_quantified,access_failure,hand,"HAND. The entry paid tier itself could not be identified because the one document that would define it, the Sora Billing & Credits FAQ, is unreachable (404 live, empty archive shell); with no identified tier, its limits cannot be assessed.","The entry paid tier itself could not be identified (see headline_price_usd/coder_note), so its usage limits cannot be assessed."
pass1,originality-ai,free_plan_watermark,vendor_silence,pattern,silence signal: \bno statement\b,No statement found on whether free-tool scan results/reports carry vendor branding or a watermark.
pass1,originality-ai,failed_generation_charge_policy,vendor_silence,pattern,silence signal: \bno statement\b,"No statement found, in the ToS or elsewhere, on whether a failed/errored scan consumes a credit."
pass1,originality-ai,renewal_notice_commitment,vendor_silence,pattern,silence signal: \bno (?:such )?(?:clause|commitment|figure|mention)\b,No commitment to notify before a renewal charge found; Sec 24 only covers general consent to receive billing/transactional communications electronically.
pass1,originality-ai,refund_window_days,vendor_silence,hand,"HAND. The dedicated refund-policy page was read in full (and used to code refund_policy_exists and refund_conditions in the same record); its only '30 days' language was correctly identified as governing how long an already-approved refund takes to arrive, not a request deadline, which is never stated.","No day-count window for REQUESTING a refund is stated; the page's only ""30 days"" language governs how long an already-approved refund may take to appear (""If you haven't received the refund within 30 days after our support team has applied it...""), a different construct."
pass1,originality-ai,commercial_use_lowest_tier,vendor_silence,hand,"HAND. The 27-section Terms and Conditions was read in full; Section 11's output-ownership clause was located and correctly distinguished as a different construct from a commercial-use grant, and no 'commercial license' row exists on the pricing-page feature grid.","No explicit, freestanding statement permitting or restricting commercial use of Outputs found, distinct from the general ownership clause in Sec 11; no ""commercial license"" row on the pricing-page feature grid."
pass1,phrasly,trial_card_required,vendor_silence,pattern,"silence signal: \bno\b.{0,50}\b(?:located|found)\b","Section 6 states 'users are required to pay a non-refundable fee of $2.00 USD...to start the Trial Period' but never uses the words 'card' or 'payment method' in that clause. Per binding agent guidance, trial_card_required may not be inferred from the mere existence of a charge; no explicit card/payment-method statement was found, so unknown stands despite the practical likelihood."
pass1,phrasly,credit_rollover_policy,vendor_silence,pattern,silence signal: \bdoes not appear\b,Neither the Terms of Service nor the pricing page's FAQ states what happens to unused monthly content-generation credits at period end; the word 'credit' does not appear in the Terms of Service at all.
pass1,phrasly,failed_generation_charge_policy,vendor_silence,pattern,silence signal: \bno document\b,No document found states whether a failed/errored humanization or content-generation attempt consumes the allowance or credit.
pass1,phrasly,commercial_use_lowest_tier,vendor_silence,hand,"HAND. The 32-section Terms of Service was read to the end; the one on-point clause found (32.3, Content Ownership) was correctly identified as scoped to a separate enterprise API product and excluded, leaving the consumer humanizer's output commercial-use rights unaddressed anywhere.","Terms of Service read in full; intellectual-property sections (2, 9, 10) cover Phrasly's own content/marks and user-submitted forum Contributions, not commercial-use rights in the humanizer's generated output text. The one on-point clause (32.3, Content Ownership) is explicitly scoped to API Licensees, a separate enterprise product, and is not used as evidence here."
pass1,phrasly,output_ownership_statement,vendor_silence,pattern,silence signal: \bno (?:such )?(?:clause|commitment|figure|mention)\b,No clause found addressing who holds rights in the AI-generated/humanized output text for the standard consumer product; the only ownership clause located (32.3) is explicitly restricted to API Licensees and not used as evidence for this consumer-product record.
pass1,picsart,headline_price_usd,vendor_silence,hand,"POST-WINDOW RETRIEVAL 2. WAS access_failure. 117 help articles enumerated, no currency policy, and the vendor's own country-keyed price payload carries no US/USD row for the Pro entry tier while carrying one for Ultra. Independent window-era warrant: the recovered TRY 999 figure is unchanged from the coded value.","Pro plan card and the separate feature-comparison table both show ""₺83.25/mo"" (Turkish Lira, Pro's cheapest/entry tier); no USD figure appears anywhere on the page. D-007 currency check run: (1) vendor's own currency disclosure - no currency/country selector, no currency URL parameter (tried ?currency=USD, no effect), no explicit currency statement found in ToS, GenAI Terms, or 6 support articles; (2) US-crawled archive capture - most recent Wayback snapshot (2026-08-02) is a pre-hydration empty shell with zero currency symbols/codes of any kind. Both arms failed to produce readable USD eviden"
pass1,picsart,first_charge_amount_usd,vendor_silence,hand,POST-WINDOW RETRIEVAL 2. WAS access_failure. Same payload and same absence of a US/USD row for the entry tier.,"Billing frequency is documented (one annual payment - see headline_billing_basis), but the amount cannot be stated in USD for the same reason headline_price_usd is unknown: no USD figure was found via either D-007 currency-check arm."
pass1,picsart,free_plan_cap_documented,vendor_silence,pattern,silence signal: \bno official document\b,"No official document (ToS, GenAI Terms, pricing page, subscription-types article, credits-work article) states any limit - quantified or unquantified - specifically for Picsart Free. Documents describe only qualitative feature GATES relative to paid plans (ad-free experience is a paid benefit, implying free has ads; ""exclusive content...not available to free users""; credits are described as ""allocated based on your Picsart subscription plan""), never a stated cap (no GB, no credit count, no export count) for the free tier itself."
pass1,picsart,free_plan_cap_value,vendor_silence,pattern,"silence signal: \bno\b.{0,50}\b(?:located|found)\b",No quantified free-plan limit located in any official document; see free_plan_cap_documented.
pass1,picsart,free_plan_watermark,vendor_silence,pattern,silence signal: \bnot addressed\b,"The string ""watermark"" does not appear in the Terms of Use, the GenAI Terms, or the pricing page (full-text keyword search performed on all three); not addressed in any support article read."
pass1,picsart,trial_card_required,vendor_silence,hand,"HAND. The Terms of Use were read and contain a hedged general clause ('For SOME Trials, we'll require you to provide your payment details') that never commits either way for the Pro-tier trial specifically; the pricing-page FAQ was also read and never mentions a card requirement -- matches the codebook's own worked example for this variable.","ToS states only a hedged, general clause: ""For SOME Trials, we'll require you to provide your payment details to start the Trial"" - does not commit either way for the Pro-tier trial specifically. The pricing-page FAQ never mentions a card requirement. Per codebook rule, silence/hedging is unknown; no inference drawn from the existence of the later auto-charge mechanism."
pass1,picsart,trial_length_days,vendor_silence,hand,"HAND. Three independent official documents were read -- the pricing-page FAQ, the ToS 'Free Trials and Promotions' clause, and the subscription-types FAQ -- all three confirming a trial exists; none states a day-count, and the ToS uses only the vague phrase 'a specified period.'","Three independent official statements confirm a trial exists (pricing-page FAQ, ToS ""Free Trials and Promotions"", subscription-types FAQ) and none of the three states a specific number of days; ToS calls it only ""a specified period""."
pass1,picsart,renewal_notice_commitment,instrument_gap,hand,"HAND. The Terms of Use were read in full and do commit to advance notice, but only of 'significant changes to your plan,' not of an ordinary renewal charge specifically -- the same event-conditional-notice gap this study names elsewhere, where a documented but differently-triggered commitment has no slot in the advance_notice_stated/no_notice_stated value list.","ToS commits to advance notice only of ""significant changes to your plan"" (""If you have purchased a Subscription, we will give you advance notice of significant changes to your plan"") - an adjacent construct (plan/price amendments), not a stated commitment to notify before each routine renewal charge specifically. No other official document addresses renewal notice."
pass1,picsart,watermark_removal_tier,vendor_silence,pattern,silence signal: \bno document\b,"""watermark"" not found in the Terms of Use, the GenAI Terms, the pricing page, or any of the 6 support articles read; the construct plainly applies (outputs are visual media) but no document addresses it."
pass1,pika,failed_generation_charge_policy,vendor_silence,pattern,silence signal: \bnot addressed\b,"not addressed in pricing page, FAQ (incl. its empty Tech Issues section), ToS, or AUP"
pass1,pixlr,free_plan_cap_value,instrument_gap,hand,"HAND. The pricing page's repeated 'Snap! You have used all of your daily free saves!' copy documents a real, named free-plan limit, but no official document ever attaches a number to it; this variable's Format rule has no slot between a formatted quantity/unit/period figure and the literal token unknown for a limit that is described but never quantified -- the same gap this study's adobe-firefly, anomaly-ai, and undetectable-ai records resolve the same way.","no limit cleared the quantification bar (see free_plan_cap_documented); coded unknown to mean ""no quantified figure exists to record,"" not ""unclear whether a cap exists"" — see coder_note"
pass1,pixlr,free_plan_watermark,vendor_silence,pattern,"silence signal: \bno\b.{0,50}\b(?:located|found)\b","no watermark statement found on /editor/ or /express/; the only site-wide ""no watermarks"" statements found are for unrelated file-converter utilities and a generic, unscoped privacy line — not used as evidence"
pass1,pixlr,trial_card_required,vendor_silence,pattern,"silence signal: \bno\b.{0,50}\b(?:located|found)\b",no explicit card-required or no-card-required statement found anywhere in official documents; checkout-flow-adjacent UI strings exist but inference from flow design is barred by the codebook
pass1,pixlr,failed_generation_charge_policy,vendor_silence,pattern,silence signal: \bno statement\b,"no statement found addressing technical failures or empty results specifically, in either the Terms of Use or the License and Services Agreement"
pass1,pixlr,renewal_notice_commitment,vendor_silence,pattern,silence signal: \bno (?:such )?(?:clause|commitment|figure|mention)\b,"no clause specifically commits to (or disclaims) advance notice before a renewal charge; the nearest clause (""change... price, package and/or features... at any time, with or without notice"") is about plan/price changes, not renewal-charge notice, and was not used to code no_notice_stated — see coder_note"
pass1,pixlr,watermark_removal_tier,vendor_silence,pattern,"silence signal: \bno\b.{0,50}\b(?:located|found)\b","zero hits for ""watermark"" in either the Terms of Use or the License and Services Agreement; no tier-by-tier watermark statement found on the pricing page"
pass1,pixlr,output_ownership_statement,vendor_silence,pattern,silence signal: \bno document\b,"extensive AI Input/Output license language exists (see license-and-services-agreement) but no document makes an affirmative ownership/title statement about generated output specifically; the one ownership/title clause found (""no ownership rights are being conveyed to You... Pixlr retains all right, title and interest... in and to the Services"") is scoped to the software/platform, not output, and was not used as evidence here"
pass1,playht,trial_exists,unattributable_weak_basis,hand,"HAND. The entire basis is a single occurrence of the word 'trial' in one pricing-page FAQ sentence ('Sign up for the free trial and give it a try!'), read alongside a fully-read Terms of Service that names no separate paid-tier trial mechanic; the coder's own evidence states it 'cannot tell whether this names a distinct time-limited construct or is loose marketing language for the perpetual Free Plan.' One ambiguous word cannot establish either a real trial or its absence, and the product is discontinued with no live site to re-check, so the record cannot be improved.","Pricing-page FAQ: ""Sign up for the free trial and give it a try!"" -- the only occurrence of the word ""trial"" in any document read, with no length, no card requirement, and no separate paid-tier trial mechanic described anywhere in the ToS. Cannot tell whether this names a distinct time-limited construct or is loose marketing language for the perpetual Free Plan."
pass1,playht,trial_card_required,vendor_silence,pattern,silence signal: \bno document\b,ToS read in full; no trial clause of any kind (card requirement or otherwise) appears. Follows trial_exists=unknown: no document identifies a distinct trial to attach a card requirement to.
pass1,playht,trial_length_days,vendor_silence,pattern,"silence signal: \bno\b.{0,50}\b(?:located|found)\b","Same reason as trial_card_required -- ToS read in full, no trial-length clause found."
pass1,playht,trial_auto_converts,vendor_silence,pattern,"silence signal: \bno\b.{0,50}\b(?:located|found)\b","Same reason as trial_card_required -- ToS read in full, no trial-conversion clause found."
pass1,playht,failed_generation_charge_policy,vendor_silence,pattern,silence signal: \bno document\b,"No document read (pricing page, ToS, or either help article) states what happens to the character allowance when a generation fails or errors."
pass1,plus-ai,first_charge_amount_usd,vendor_silence,pattern,silence signal: \bno document\b,"Default state is annual and the headline is a monthly-equivalent figure ($10/user/mo, billed annually), so rule 2 requires a document stating the plan is charged once for twelve months before ×12 may be applied. No document found says this: pricing page states only ""billed annually"" next to the monthly figure (no explicit annual total); ToS Subscriptions section says only ""a monthly or annual subscription"" and ""recurring, non-refundable payments""; plans-and-billing.md says only ""billed either monthly or annually"" and describes proration on mid-cycle billing-frequency switches, none of which is"
pass1,plus-ai,failed_generation_charge_policy,vendor_silence,pattern,silence signal: \bno statement\b,"Reviewed plans-and-billing.md, terms-raw.html, and the pricing page in full; no statement anywhere about credits being charged, not charged, or refunded on a failed/errored generation."
pass1,plus-ai,renewal_notice_commitment,vendor_silence,hand,"HAND. Both the Terms of Service and the plans-and-billing.md help article were read in full; neither contains any notice commitment of any kind -- not even an adjacent clause about price or plan changes -- unlike sibling records in this study where an adjacent, differently-triggered notice clause exists.",ToS and plans-and-billing.md reviewed in full; neither commits to advance notice before a renewal charge nor explicitly states none is given.
pass1,plus-ai,commercial_use_lowest_tier,vendor_silence,pattern,silence signal: \bnot stated\b,"Terms grant a license to use the Service ""solely for your own internal business purposes"" and prohibit reselling/redistributing the Service itself — this restricts use of the SOFTWARE, not stated as a right to (or restriction on) commercial use of generated presentation OUTPUTS. No pricing-page feature-grid row addresses commercial use of outputs by tier. Documents do not address the construct this variable measures."
pass1,plus-ai,watermark_removal_tier,vendor_silence,hand,HAND. Terms read in full and the feature grid read across all four paid tiers; no row or clause addresses watermarking or branding of generated presentations at any tier.,Terms of service reviewed in full; pricing-page feature grid reviewed for all four paid tiers; no row or clause addresses watermarking or branding of generated presentations at any tier.
pass1,quillbot,free_plan_watermark,vendor_silence,hand,"HAND. Absent from the pricing page, both Terms documents and all three help-centre articles read. Correctly not not_applicable: the bundle includes an image generator, an output type that could carry a watermark.","""watermark""/""branding"" not mentioned in the pricing page, either Terms document, or any of the three help-center articles read; not coded not_applicable because Premium's bundle includes an AI Image Generator, an output type that could carry one, so absence of the construct is not positively established"
pass1,quillbot,failed_generation_charge_policy,vendor_silence,pattern,silence signal: \bno document\b,"the product does meter some generation (e.g. Image Generator 300/month, AI Presentation Generator 30/month on Premium), so not_applicable's ""no metered generation step at all"" bar is not met, yet no document read states what happens to the count on a failed/errored generation"
pass1,quillbot,watermark_removal_tier,vendor_silence,hand,"HAND. Same absence across the same documents, same reason for not coding not_applicable.","""watermark"" not mentioned in any document read; not coded not_applicable for the same reason as free_plan_watermark (product bundle includes image generation)"
pass1,recraft,free_plan_watermark,vendor_silence,pattern,"silence signal: \bno\b.{0,50}\b(?:located|found)\b","no watermark/branding statement found on the pricing page, credits docs, free-plan docs, or terms for free-tier outputs specifically"
pass1,recraft,failed_generation_charge_policy,vendor_silence,pattern,silence signal: \bneither states\b,credits doc read in full (full operation table plus 'Credit types and expiration' section) and pricing FAQ read in full; neither states whether a failed/errored generation consumes a credit
pass1,recraft,watermark_removal_tier,vendor_silence,pattern,"silence signal: \bno\b.{0,50}\b(?:located|found)\b","no watermark statement found for any tier in the pricing page, credits/free-plan docs, or terms"
pass1,resume-io,headline_billing_basis,instrument_gap,pattern,format/construct signal: \bclosed value list\b,"Card states 'Auto-renews to $49.95 billed every 3 months' -- a quarterly recurring cadence. The variable's closed value list (per_month_billed_annually/monthly, per_seat_per_month, one_time, usage_based) has no category for a quarterly cadence, so unknown is coded rather than forcing an inaccurate category; true cadence quoted here and in coder_note."
pass1,resume-io,free_plan_watermark,vendor_silence,pattern,silence signal: \bno (?:such )?(?:clause|commitment|figure|mention)\b,"No mention of 'watermark' or output branding found anywhere in the pricing page, ToS, billing FAQ, or the free-usage help article ('How can I use resume.io for free?')."
pass1,resume-io,trial_card_required,vendor_silence,pattern,silence signal: \bno document\b,"No document (pricing page, billing FAQ, ToS, right-of-withdrawal page) states whether payment details/a card are required to start the $2.95 trial. Per instrument rule, inference from the existence of the $2.95 charge itself is barred, so this stays unknown rather than being inferred."
pass1,resume-io,commercial_use_lowest_tier,vendor_silence,pattern,silence signal: \bno document\b,"The output (resume/cover letter) exists and is owned by the user (see output_ownership_statement), but no document addresses whether the user may use it commercially. ToS Intellectual Property Rights clause restricts commercial exploitation of the Platform's own template/software 'Content' and 'Marks' without permission -- that governs the vendor's own IP, not a commercial-use license over the user's finished, user-owned output. Silence on the output itself makes this unknown, not not_applicable."
pass1,resume-io,watermark_removal_tier,vendor_silence,pattern,silence signal: \bno document\b,"No document (pricing page, ToS, billing FAQ, free-usage help article) mentions watermarking or branding of outputs at any tier. Output format (PDF/TXT) is the kind of artifact that could carry a watermark in principle, so this is not coded not_applicable."
pass1,revid-ai,failed_generation_charge_policy,vendor_silence,pattern,silence signal: \bnot addressed\b,"Not addressed in the Terms, the 26-question FAQ, the features page, or the API documentation. None of the sources checked describe what happens to credits on a failed or errored generation."
pass1,revid-ai,renewal_notice_commitment,vendor_silence,pattern,silence signal: \bno statement\b,"No statement found committing to notify the buyer before a renewal charge, in the Terms, the FAQ, or the features page."
pass1,revid-ai,watermark_removal_tier,vendor_silence,pattern,silence signal: \bdoes not appear\b,"The word 'watermark' does not appear on the pricing page, in the Terms, in the FAQ, or on the features page."
pass1,revid-ai,usage_cap_quantified,vendor_silence,pattern,silence signal: \bstates no\b,"Hobby's card states no numeric limit of any kind (no credits, no export count, no resolution cap, not even an 'unlimited' claim). The FAQ and features page describe plan credit allocations only for Growth ($39/2,000 credits) and Ultra/Elite, never for a plan named Hobby."
pass1,rezi,free_plan_watermark,vendor_silence,pattern,silence signal: \bnone (?:of the documents )?(?:state|address|mention),"The full feature compare table (18+ rows) contains no watermark or branding row at all; https://www.rezi.ai/legal, the two help-center Subscription Plans articles, and the Cancellation Policy article were also read and none mentions a watermark in either direction. A silent pricing table is unknown per the variable's own decision rule."
pass1,rezi,renewal_notice_commitment,vendor_silence,pattern,silence signal: \bno document\b,"No document (Cancellation Policy, either Subscription Plans guide, or the Terms of Use) commits to - or explicitly denies - notifying the buyer in advance of a renewal charge."
pass1,rezi,watermark_removal_tier,vendor_silence,hand,"HAND. Terms of Use read in full plus four other official documents (pricing compare table, both Subscription Plans guides, Cancellation Policy); watermarking never mentioned.","The Terms of Use (read in full) never mentions a watermark; nor does any of the other four official documents (pricing page compare table, both Subscription Plans guides, Cancellation Policy)."
pass1,rezi,output_ownership_statement,vendor_silence,pattern,silence signal: \bnever states\b,"The Terms of Use's ""Use License"" section (section 2) grants a license to view Rezi's website/materials only; it never states who owns or holds rights in the resumes/cover letters/resignation letters a user generates. The Privacy Policy mentions resume content only as data collected (""Content Information""), not as a rights/ownership question. No other document addresses it."
pass1,runway,free_plan_watermark,vendor_silence,hand,"HAND. The free plan's feature list says nothing either way; 'No watermarks' appears only under a paid tier's list, which documents that tier and not the free column. The vendor published a feature grid and left this cell unstated.","Free plan's feature list (125 credits, model selection, 5GB storage) states nothing about watermarks either way; ""No watermarks"" is listed only under Standard's feature list, which documents the paid tiers, not the free column, per the codebook's silent-pricing-table rule"
pass1,runway,failed_generation_charge_policy,access_failure,hand,"HAND. The coder states a help-centre article 'appears to address this directly' but returned 403/520 and could not be fetched or archived within budget, with the blocked leads recorded in the sources directory. A document the coder believes answers the variable, unread. That is our silence, not the vendor's.","Neither the pricing page nor the archived Terms of Use states what happens to credits on a failed/errored generation; a help-center article appears to address this directly but could not be fetched or archived within budget (403 / 520, see runway-sources/help-center-blocked-leads.txt) so is not used to code this value"
pass1,runway,renewal_notice_commitment,instrument_gap,hand,"AUDIT. A documented notice commitment scoped to a different trigger, which the binary advance_notice_stated/no_notice_stated list has no slot to express -- the study's own named event-conditional-notice gap. The hand basis for plus-ai states the test: vendor_silence applies where there is 'not even an adjacent clause about price or plan changes -- unlike sibling records ... where an adjacent, differently-triggered notice clause exists'. Deciding sentence here: 'ToS commits to notice of a FEE/FEATURE CHANGE (""either immediately upon posting on the Services or by email delivery to you"")'.","ToS commits to notice of a FEE/FEATURE CHANGE (""either immediately upon posting on the Services or by email delivery to you"") but no sentence found committing to advance notice before an ordinary renewal charge at an unchanged price"
pass1,sapling,renewal_notice_commitment,instrument_gap,hand,"AUDIT. A documented notice commitment scoped to a different trigger, which the binary advance_notice_stated/no_notice_stated list has no slot to express -- the study's own named event-conditional-notice gap. The hand basis for plus-ai states the test: vendor_silence applies where there is 'not even an adjacent clause about price or plan changes -- unlike sibling records ... where an adjacent, differently-triggered notice clause exists'. Deciding sentence here: 'ToS states only a conditional FEE-CHANGE notice (""Sapling may change the fees ... if Sapling gives you advance notice of changes before they apply"")'.","ToS states only a conditional FEE-CHANGE notice (""Sapling may change the fees for any feature of the Service... if Sapling gives you advance notice of changes before they apply""), which is a different commitment from advance notice of each renewal charge. No document states a commitment to notify before a renewal charge specifically."
pass1,shortsfaceless,credit_rollover_policy,vendor_silence,hand,"HAND. The coder's local capture of the complete Terms of Service (5,562 chars, quoted in full, confirmed as the sole and complete statement of the credit mechanism) was independently re-read for this review; a five-term sweep (rollover, roll over, unused, expire, reset) plus direct reading found no clause anywhere on the site addressing end-of-period credit treatment, and no help center or billing FAQ exists for this vendor to check instead.",Full-text ToS keyword check: 'rollover'/'roll over'/'unused'/'expire'/'reset' all zero matches
pass1,shortsfaceless,failed_generation_charge_policy,unattributable_weak_basis,hand,"HAND. The evidence is a two-keyword search ('fail'/'error') of a single document. Vendors write this construct as 'unsuccessful generation', 'did not complete', 'errored job'; a two-word search of one document cannot establish silence, and this study has already reversed a value that rested on a keyword search missing the clause's actual wording. Not coded vendor_silence because that would assert more than the record supports, and not left pending because the record cannot be improved after the window closed.",Full-text ToS keyword check: 'fail'/'error' zero matches
pass1,shortsfaceless,auto_renewal_default,vendor_silence,hand,"HAND. The Terms of Service is the codebook's top-ranked source for this variable and was captured and read in full (independently re-verified by this reviewer against the local capture); a keyword sweep across renew, auto-renew, recurring, automatically, subscription, and billing cycle returned zero hits on the controlling document, and the vendor's only 'subscription' mention anywhere is an unrelated affiliate clause.",Full-text ToS keyword check: 'renew'/'recurring'/'automatically'/'subscription' all zero matches (the only 'subscription' hit anywhere is an unrelated affiliate-commission carve-out on the homepage)
pass1,shortsfaceless,renewal_notice_commitment,vendor_silence,pattern,"silence signal: \bno\b.{0,50}\b(?:located|found)\b",No advance-notice statement found in any document read
pass1,shortsfaceless,refund_window_days,vendor_silence,hand,"HAND. The entire refund-related text on this vendor's site is the four-word phrase '100% money-back guarantee.' on the /deal page, quoted in full by the coder; the Terms of Service, homepage, and Privacy Policy are independently confirmed silent on refunds. The complete guarantee statement was seen and simply never states a day count, and no other document (no help center exists) could hold one.",'100% money-back guarantee' carries no stated day-count window anywhere
pass1,shortsfaceless,cancellation_self_serve,vendor_silence,pattern,silence signal: \bno document\b,"No document (ToS, pricing page, deal page, privacy policy) describes a cancellation route of any kind"
pass1,speechify,free_plan_watermark,vendor_silence,pattern,"silence signal: \bno\b.{0,50}\b(?:located|found)\b","No watermark/branding row or statement found in the pricing page feature grid, the Terms of Service, or the usage-limits page for Free-tier outputs (including AI Podcasts, a generated-audio Premium feature analog). Not coded not_applicable because the product's generated-audio outputs are of a kind that could plausibly carry a watermark; documents simply do not address it."
pass1,speechify,failed_generation_charge_policy,vendor_silence,pattern,silence signal: \b(?:is|are|remain)s? silent\b,"Documentation states words are consumed for Premium Voice output but is silent on whether a technically failed or empty generation (TTS conversion, AI Podcast, AI Summary) still consumes the word allowance. Full usage-limits page and ToS 6.3/6.5 reviewed; no statement addresses outcome/failure, only submission and fair-use/abuse conduct."
pass1,speechify,watermark_removal_tier,vendor_silence,pattern,"silence signal: \bno\b.{0,50}\b(?:located|found)\b","No watermark/branding statement of any kind found in the pricing page feature grid, the Terms of Service, or the usage-limits page for this product's outputs."
pass1,speechify,output_ownership_statement,vendor_silence,pattern,silence signal: \bno (?:such )?(?:clause|commitment|figure|mention)\b,"Full ToS read start-to-finish; section 7 (User Material) covers only an inbound license FROM the user TO Speechify over submitted/uploaded input. No clause addresses ownership of AI-generated audio/podcast/speech OUTPUT (searched 'generated content', 'AI-generated', 'synthesized', 'output ownership' -- zero hits). Section 5.1 Copyright covers Speechify's own platform IP, not user-facing generated output."
pass1,squarespace,credit_rollover_policy,instrument_gap,hand,"AUDIT. The vendor DID document the allowance's cycle; the value list (rolls_over/partial_rollover/expires_at_period_end) presupposes a recurring billing period the documents state does not exist -- the tool's own docstring names this shape ('a variable that assumes a billing period'). Deciding sentence: 'documented as ""10 starter AI credits that don't renew after use"" -- a ONE-TIME grant, not a recurring period; the rollover-vs-expires-at-period-end framing (which presupposes a recurring cycle) does not cleanly apply'.","Basic's allotment is documented as '10 starter AI credits that don't renew after use' — a ONE-TIME grant, not a recurring period; the rollover-vs-expires-at-period-end framing (which presupposes a recurring cycle) does not cleanly apply, and no document states what happens to any unused portion of the one-time grant over time. (Core/Advanced's separate monthly top-up credits ARE documented as expires_at_period_end: 'These AI credits don't roll over, but they reset every month' — not applicable to Basic, the coded entry tier.)"
pass1,squarespace,failed_generation_charge_policy,vendor_silence,pattern,silence signal: \bno official document\b,no official document states whether a failed or errored AI generation consumes a credit
pass1,squarespace,watermark_removal_tier,vendor_silence,pattern,silence signal: \bno document\b,"no document read (pricing page, full feature comparison table, ToS, Acceptable Use Policy) states a watermark/branding policy for published sites on any tier, and no free plan exists to compare against"
pass1,stable-audio,free_plan_watermark,vendor_silence,hand,"HAND. The word is absent from the pricing page, ToS, Acceptable Use Policy, dedicated FAQs page and User Guide — five documents, all checked and all reachable.","No 'watermark' feature row on the pricing grid; word 'watermark' absent from pricing page, ToS, Acceptable Use Policy, dedicated FAQs page, and User Guide (all checked)."
pass1,stable-audio,failed_generation_charge_policy,vendor_silence,pattern,silence signal: \bno document\b,"No document addresses what happens when a generation fails, errors, or produces nothing usable; checked pricing page, dedicated FAQs, ToS, AUP, User Guide."
pass1,stable-audio,renewal_notice_commitment,instrument_gap,hand,"AUDIT. A documented notice commitment scoped to a different trigger, which the binary advance_notice_stated/no_notice_stated list has no slot to express -- the study's own named event-conditional-notice gap. The hand basis for plus-ai states the test: vendor_silence applies where there is 'not even an adjacent clause about price or plan changes -- unlike sibling records ... where an adjacent, differently-triggered notice clause exists'. Deciding sentence here: 'ToS commits to advance notice only for FEE INCREASES (""We may increase fees... with advance notice"", Section 7b/7c)'.","ToS commits to advance notice only for FEE INCREASES ('We may increase fees... with advance notice', Section 7b/7c); no document states whether notice is given before each routine automatic renewal charge itself."
pass1,stable-audio,watermark_removal_tier,vendor_silence,hand,"HAND. Same five documents, same absence.","Word 'watermark' absent from every official document checked (pricing page, ToS, AUP, dedicated FAQs, User Guide)."
pass1,suno,first_charge_amount_usd,vendor_silence,pattern,silence signal: \bno document\b,"Pricing page shows the annual-billed monthly-equivalent ($8/mo) and a savings badge, but no document opened (pricing page or ToS) states whether the annual plan is charged as one $96 payment or as 12 separate $8 charges. Per codebook 5.2/first_charge_amount_usd rule 3, billing frequency is not stated so no multiplication is applied. This is the codebook's own documented common case (A1 money value with A3 unknown)."
pass1,suno,free_plan_watermark,vendor_silence,pattern,silence signal: \bno (?:such )?(?:clause|commitment|figure|mention)\b,"No watermark row anywhere in the ""Compare Suno plans"" table (explicitly checked, none found); no mention of watermarking in the ToS or in either free-plan-rights (help.suno.com/en/articles/9601601) or paid-plan-rights (9601665) help article. Documents read and silent, across 4 official sources."
pass1,suno,failed_generation_charge_policy,vendor_silence,pattern,silence signal: \bno official document\b,"No official document addresses failed, errored, or stuck generations and whether they consume credits. Checked the ToS in full through the Arbitration Procedures section, plus the Billing, Accounts, Rights & Ownership, and Troubleshooting help-center categories (10 official documents total for this record) -- silent across all of them."
pass1,suno,renewal_notice_commitment,instrument_gap,hand,"AUDIT. A documented notice commitment scoped to a different trigger, which the binary advance_notice_stated/no_notice_stated list has no slot to express -- the study's own named event-conditional-notice gap. The hand basis for plus-ai states the test: vendor_silence applies where there is 'not even an adjacent clause about price or plan changes -- unlike sibling records ... where an adjacent, differently-triggered notice clause exists'. Deciding sentence here: 'The ToS commits to 15 days' advance notice for PRICE CHANGES specifically ... a different construct'.","The ToS commits to 15 days' advance notice for PRICE CHANGES specifically (""Suno will provide notice of the change... at least fifteen (15) days before the change is to take effect""), a different construct, and states no commitment to notify before an ordinary recurring renewal charge. Silent on renewal-specific notice."
pass1,suno,refund_window_days,instrument_gap,hand,"AUDIT. 'No firm day-count window is published; refunds run case-by-case' -- Suno publishes a real refund policy in two document classes (refund_policy_exists=yes, refund_policy_location=multiple, concrete qualifying scenarios), but the value list holds only an integer, or 0 'where no refunds are given'. A discretionary, non-time-denominated policy has no slot; same shape as the study's qualitative-where-numeric gaps (pixlr, undetectable-ai free_plan_cap_value).","No firm day-count window is published; refunds run case-by-case. The only day-adjacent language is informal and non-binding: ""If it's only been a day or two, give our team a shout... we'll do our best to make it right,"" which is not stated as a formal policy window."
pass1,suno,watermark_removal_tier,vendor_silence,pattern,silence signal: \bno (?:such )?(?:clause|commitment|figure|mention)\b,"Same finding as free_plan_watermark: no watermark row in the Compare Suno plans table, and no mention in the ToS or in any of the 8 help-center articles read."
pass1,synthesia,failed_generation_charge_policy,vendor_silence,pattern,silence signal: \bno document\b,"no document (pricing page, ToS, AUP, or the two credits help-center articles) states whether a failed, errored, or empty generation consumes credits -- all found language addresses successful generation only"
pass1,teal,headline_billing_basis,instrument_gap,hand,"HAND. The vendor states the entry tier's price unambiguously as '$79 Every 90 days' (a quarterly/90-day recurring cadence), but the variable's five allowed values (per_month_billed_annually, per_month_billed_monthly, per_seat_per_month, one_time, usage_based) contain no quarterly category. The coder explicitly names this the same instrument gap shared with jobscan and resume-io.","$79 Every 90 days — quarterly/90-day recurring billing, which matches none of this variable's five allowed values (per_month_billed_annually, per_month_billed_monthly, per_seat_per_month, one_time, usage_based). See coder_note, belongs with A-011."
pass1,teal,free_plan_watermark,vendor_silence,pattern,"silence signal: \bread in full\b.{0,80}\bsilent\b",Pricing page's full feature-comparison table and the 'Teal vs Teal+' help-center comparison table were both read in full; neither mentions watermarking or branding in either direction. ToS also silent.
pass1,teal,credit_rollover_policy,instrument_gap,hand,"AUDIT. The vendor DID document the allowance's cycle; the value list (rolls_over/partial_rollover/expires_at_period_end) presupposes a recurring billing period the documents state does not exist -- the tool's own docstring names this shape ('a variable that assumes a billing period'). Deciding sentence: 'the rollover/expiry construct this variable asks about does not map onto what is actually documented' (free credits 'non-renewable', paid tier 'Unlimited').","Free-plan credits are described as 'non-renewable' (a one-time grant, not on a recurring billing-period cycle), and the entry paid tier carries no credit ceiling at all ('Unlimited'). No document states what happens to an unused balance at a period boundary for either tier, so the rollover/expiry construct this variable asks about does not map onto what is actually documented."
pass1,teal,failed_generation_charge_policy,vendor_silence,pattern,silence signal: \bno document\b,"No document (pricing page, ToS, or the two AI-credit help articles) addresses failed, errored, or unusable AI generations."
pass1,teal,commercial_use_lowest_tier,vendor_silence,pattern,silence signal: \bno document\b,"The only proximate clause is the general License grant: 'the Service is solely for your personal use and not for resale,' which restricts SERVICE access/resale, not explicitly the commercial use of a finished resume/cover-letter output. No document uses the word 'commercial' in connection with outputs."
pass1,teal,watermark_removal_tier,vendor_silence,pattern,silence signal: \bno document\b,"No document (pricing page, ToS, or the two help-center comparison articles, all read in full) mentions watermarking or branding on exports in either direction."
pass1,udio,free_plan_watermark,vendor_silence,pattern,silence signal: \bno document\b,"No document (pricing page, ToS, help center) states that free-plan AUDIO OUTPUT itself carries an embedded watermark or vendor mark. Distinct finding: ToS §6.4 requires non-subscribers to self-attribute ('Created with Udio' in track title/credits) when publicly sharing, waived for paid subscribers — a contractual crediting DUTY on the user, not a mark applied to the output file, so not coded as watermark evidence. See coder_note."
pass1,udio,trial_card_required,vendor_silence,pattern,silence signal: \bno document\b,"No document states a card IS or IS NOT required to START the trial. ToS §3.5 states that if not cancelled, the account is charged ('you authorize us to charge your credit card') — this is evidence of a charge occurring, not a statement about signup requirements; inference from the existence of a charge to a card-required-at-signup conclusion is barred by the frozen rule. The Free PLAN's distinct 'no credit card required' line does not describe the trial."
pass1,udio,failed_generation_charge_policy,vendor_silence,pattern,silence signal: \b(?:is|are|remain)s? silent\b,Bug-report article names 'Backend error' / 'Generation error' as a recognized (usually transient) failure mode but never states whether such a failure consumes credits. Credits-and-credit-limits and do-credits-roll-over articles describe spending/receiving/rollover but are silent on failures. No document addresses this either way.
pass1,udio,renewal_notice_commitment,instrument_gap,hand,"AUDIT. A documented notice commitment scoped to a different trigger, which the binary advance_notice_stated/no_notice_stated list has no slot to express -- the study's own named event-conditional-notice gap. The hand basis for plus-ai states the test: vendor_silence applies where there is 'not even an adjacent clause about price or plan changes -- unlike sibling records ... where an adjacent, differently-triggered notice clause exists'. Deciding sentence here: 'ToS S3.2 promises ""reasonable notice"" only for PRICE/PLAN CHANGES, not each renewal' -- two documented notice clauses (S3.2, S3.5), both triggered by something other than an ordinary renewal.","No document commits to notifying the buyer in advance of an ORDINARY recurring renewal charge. ToS §3.2 promises 'reasonable notice' only for PRICE/PLAN CHANGES, not each renewal. ToS §3.5's notice language is scoped to the one-time trial-to-paid conversion (domain 4), not ongoing renewals."
pass1,udio,watermark_removal_tier,vendor_silence,pattern,silence signal: \bno document\b,"Same construct question as free_plan_watermark: no document states that any tier's audio output carries or lacks an embedded watermark/vendor mark. ToS §6.4's paid-subscriber attribution exemption is a crediting-duty waiver, not a statement about a mark on the output file. See coder_note for the interpretive call."
pass1,undetectable-ai,trial_length_days,instrument_gap,hand,"HAND. The trial's persistent, non-promotional description caps it at 250 words with no day figure; a separate on-page marketing popup states 'FREE 3-day trial', an incommensurate unit not corroborated by the FAQ, Terms, or Help documents (all read in full). The variable and its conflicting rule both assume comparable same-unit statements; they have no slot for a word-metered trial alongside an unrelated, uncorroborated day-tag.","Two incompatible-unit length claims on the same official surface, neither resolving to a reliable day-count for the trial mechanic actually described on the page itself; see coder_note."
pass1,undetectable-ai,failed_generation_charge_policy,vendor_silence,pattern,silence signal: \bneither states\b,"Terms and Help were both read in full; neither states whether a technically failed/empty humanization attempt consumes the word allowance. The refund clause covers post-hoc AI-detector flagging of a delivered output, not a processing failure."
pass1,undetectable-ai,commercial_use_lowest_tier,vendor_silence,pattern,"silence signal: \bno\b.{0,50}\b(?:located|found)\b","Terms' IP section addresses only the site's own Content/Marks (""personal, non-commercial use... of the Services""), not the user's humanized output; no feature-grid ""commercial use"" row was found for the entry tier."
pass1,undetectable-ai,watermark_removal_tier,vendor_silence,hand,"HAND. Every paid tier's feature list repeats the identical, fully-quoted phrase 'Watermark and future proof', which the coder determined does not commit to either a watermarked or watermark-free reading despite being found and read directly, not missed by a narrow search. The coder also correctly declined to resolve the ambiguity by inference from an unrelated 'AI Text Watermark Remover' sibling product, per the no-inference rule -- a genuine failure by the vendor to commit to a position on a topic it raised.","Every paid tier's feature list repeats the identical bullet ""Watermark and future proof"", which does not unambiguously state either that outputs carry a watermark or that they are watermark-free."
pass1,undetectable-ai,output_ownership_statement,vendor_silence,pattern,silence signal: \bno (?:such )?(?:clause|commitment|figure|mention)\b,"Terms defines ownership only for the site's own Content/Marks and for forum-style ""Contributions""; no clause was found addressing who holds rights in the humanized text output returned to the user."
pass1,vidnoz,failed_generation_charge_policy,vendor_silence,pattern,silence signal: \bnot addressed\b,"Not addressed in pricing.html (incl. FAQ), terms.html, ai-terms-of-service.html, or refundpolicy.html, each read in full. Silence, not a located statement."
pass1,winston-ai,trial_auto_converts,vendor_silence,pattern,silence signal: \bno document\b,"no document states that the trial converts, continues, or renews into a paid subscription without further action"
pass1,winston-ai,failed_generation_charge_policy,vendor_silence,pattern,silence signal: \bno statement\b,two independent direct fetches of the text-analysis article and one of the pricing FAQ article found no statement on failed-scan credit handling; a third-party-derived web search summary claimed credits are not deducted on failure but this could not be confirmed against any official document and is not used as a source
pass1,winston-ai,renewal_notice_commitment,vendor_silence,pattern,silence signal: \bno document\b,no document found commits to notifying the buyer in advance of a renewal charge
pass1,wix,failed_generation_charge_policy,vendor_silence,pattern,silence signal: \bno statement\b,"the only related statement addresses dissatisfaction, not technical failure: ""Can I get my AI credits back if I'm not satisfied with the result? Once AI credits are used for a request, they cannot be returned, even if the result does not match your expectations."" -- codebook rule 1 excludes buyer-dislikes-the-output from ""failure""; no statement addresses a technical failure or empty result specifically"
pass1,wix,commercial_use_lowest_tier,vendor_silence,hand,"POST-WINDOW RETRIEVAL 2026-08-17. WAS access_failure. The Terms sections that would not render in English were recovered; the construct is absent from them. Caveat recorded in the retrieval document: the recovered text is a Turkish/German rendering rather than the governing English, so the ABSENCE is established while the exact governing wording is not.","no accessible official document states a commercial-use rights grant or restriction; the Terms of Use body (where such a clause would normally live) did not render beyond its Section 1 introduction despite repeated attempts -- see coder_note. The free-plan restriction found (About AI Credits / is-wix-free FAQ) is a FEATURE gate on payment processing (""Can I sell online with a Wix free plan? No, for this you'll need a higher paid plan""), not a stated rights restriction on commercial use of the site itself, so it does not answer this variable"
pass1,wix,output_ownership_statement,access_failure,hand,"HAND. Same root cause as commercial_use_lowest_tier on this record: the Terms of Use is first-ranked for this construct and its substantive body (Sections 2-19, which section 1 itself says exist) never rendered on two independent attempts. The coder also discarded an unverifiable third-party paraphrase of a 'Section 2.1' ownership clause rather than coding from it, per the fabrication warning.","no accessible official document states who holds rights in a user's site content/design; the one on-topic-sounding help article found (wix-account-and-site-ownership-disputes) governs ACCOUNT access-control ownership (which login controls the account) per its own Terms of Use section 1.5 cross-reference, not IP/content ownership; the Terms of Use body that would normally carry this clause did not render -- see coder_note"
pass1,wix,unquantified_limit_clause,vendor_silence,hand,"POST-WINDOW RETRIEVAL 2. WAS access_failure. The clause was recovered and it ADDRESSES the construct — our miss, not vendor silence about its existence. Recorded as vendor_silence on the coded construct with the sweep's caveat attached: the recovered text is Turkish and German rather than the governing English, and whether an 'unreasonable, excessive or disproportionate load' clause clears codebook rule 3's conduct/volume line is an adjudication call, not a clerical one.","this variable requires reading the terms of service and acceptable-use policy IN FULL; the Terms of Use body did not render beyond Section 1 (see coder_note) so it could not be read to the end, and no separate acceptable-use-policy document was located -- coding absent would misrepresent a document that was not actually readable"
pass1,writehuman,free_plan_watermark,vendor_silence,pattern,silence signal: \bno document\b,"No document (pricing page, terms, or the separate /faqs help center) states whether free-plan humanized text output carries any WriteHuman branding/watermark; not coded not_applicable because text watermarking is a live, applicable concept for this exact product category (the site's own top-of-page banner discusses 'Claude to begin adding invisible watermarks to AI-generated text')"
pass1,writehuman,failed_generation_charge_policy,vendor_silence,pattern,silence signal: \bno document\b,"Product meters generation via monthly request caps (not a flat-rate unmetered tool), but no document (pricing FAQ, terms, or /faqs help center) states whether a technically failed or errored generation consumes a request; the only related FAQ answer ('What happens when I hit my monthly limit?') addresses exhausting the quota, not generation failure"
pass1,writehuman,renewal_notice_commitment,vendor_silence,pattern,silence signal: \bno document\b,No document commits to (or explicitly disclaims) advance notice before a renewal charge; the annual-billing FAQ states auto-renewal occurs but says nothing about notice timing
pass1,writehuman,watermark_removal_tier,vendor_silence,pattern,silence signal: \bno document\b,"No document states whether any tier's text output carries or is free of a WriteHuman watermark/branding; not coded not_applicable because textual AI-content watermarking is a live, applicable concept for this exact product (see free_plan_watermark evidence)"
pass1,writehuman,output_ownership_statement,vendor_silence,hand,"HAND. Terms of Service section 5 carefully defines 'output' as a term distinct from the three-part 'User Generated Content' definition (Submissions, Contributions, Input), and section 8's ownership grant is scoped explicitly to 'User Generated Content' only, never extending to 'output'. The vendor demonstrably addressed ownership in structured detail and specifically omitted the output construct -- the adjacent-construct pattern that rules out the coder having missed something.","Terms sec. 5 defines 'User Generated Content' as exactly three things (User Submissions, User Contributions, User Input) and separately defines 'output' as 'the final edited product produced by your User Input and our Services' -- a distinct term. Sec. 8's ownership grant ('You retain full ownership of all of your User Generated Content') is scoped to that three-part definition and never uses the word 'output'; no other clause assigns ownership of the humanized output specifically."
pass1,xseek,auto_renewal_default,vendor_silence,pattern,silence signal: \bdoes not appear\b,"ToS ""Subscription and Billing"": ""Paid plans are billed monthly or annually as selected"" / ""You can cancel your subscription at any time"" / ""Access continues until the end of your billing period."" Recurring billing is documented but no clause states the subscription renews automatically -- the word ""renew"" does not appear anywhere in the ToS (confirmed by full-text search of the raw document)."
pass1,xseek,commercial_use_lowest_tier,vendor_silence,pattern,silence signal: \bno document\b,"ToS ""Intellectual Property"" section: ""The Service...is owned by xSeek...You retain ownership of any data you provide to the Service. We do not claim ownership of your content."" This addresses ownership of data/content the CUSTOMER supplies as input, not commercial-use rights over the AI-generated visibility reports, action plans, or articles xSeek produces. No document (ToS, pricing page, docs) grants or restricts commercial use of those generated outputs. See coder_note on why not_applicable was rejected here."
pass1,xseek,watermark_removal_tier,vendor_silence,pattern,silence signal: \bno document\b,"No document mentions a watermark, branding mark, or attribution requirement on any generated report, dashboard export, or drafted article, at any tier. See coder_note: this product generates publishable article content (Content Studio / xSeek Desktop), not only a score/dashboard, so the codebook's detection-score not_applicable reasoning was checked and rejected rather than assumed."
pass1,xseek,output_ownership_statement,vendor_silence,pattern,silence signal: \bno document\b,"ToS's only ownership statement (""You retain ownership of any data you provide...We do not claim ownership of your content"") covers customer-supplied input data. No document states who owns the AI-generated visibility reports, action plans, or drafted articles the service produces."
pass1,zety,free_plan_watermark,vendor_silence,pattern,silence signal: \bno statement\b,"no statement found on watermarking of free (TXT) or paid (PDF/Word) outputs in the pricing page, terms of service, or official FAQ."
pass1,zety,trial_card_required,vendor_silence,pattern,silence signal: \bno statement\b,"no statement found on whether payment details are required to start the 14-day trial, in the pricing page, terms of service, or FAQ; inference from the existence of the $1.70 charge is barred by rule."
pass1,zety,watermark_removal_tier,vendor_silence,pattern,silence signal: \bno statement\b,"no statement found regarding watermarking at any tier, in the pricing page, terms of service, or FAQ."
pass2,10web,free_plan_watermark,vendor_silence,pattern,silence signal: \bno document\b,"No document read (pricing page, ToS, PUP, or the help-center articles listed in sources) states whether a free-plan-generated website carries a 10Web badge/watermark or is unbranded."
pass2,10web,free_plan_duration,vendor_silence,pattern,silence signal: \bno document\b,"No document states an expiry, or perpetual status, for the base free-generation capability itself (as distinct from the explicitly time-limited, card-gated 7-day Pro trial). See coder_note for the related 'What Happens if I Fail to Upgrade' tension, which describes deletion tied to trial usage specifically, not to the never-trialed free path."
pass2,10web,credit_rollover_policy,vendor_silence,pattern,silence signal: \bno document\b,"No document among those read (pricing page, ToS, PUP, AI Starter Plan article, AI Editor article, Overages article) states whether unused monthly AI credits roll over, expire, or cap-and-expire. Searched the help center directly for 'AI credits roll over expire' and 'credits reset monthly'; no article addresses it."
pass2,10web,failed_generation_charge_policy,vendor_silence,pattern,silence signal: \bno document\b,No document states whether a failed or errored AI request/generation still consumes its 1 credit. Searched the help center for 'generation failed error credit refund'; no article addresses this. 'Each AI request costs 1 credit' does not distinguish successful from failed requests.
pass2,10web,commercial_use_lowest_tier,vendor_silence,pattern,silence signal: \bno document\b,"No document read (ToS, PUP, pricing page, help-center articles in sources) uses the term 'commercial use' or addresses commercial-use rights as a tier-gated construct distinct from general content ownership. Searched the help center for 'commercial use license website'; no article addresses it."
pass2,10web,watermark_removal_tier,vendor_silence,pattern,silence signal: \bno document\b,"No document states whether generated websites carry a 10Web badge/watermark on any tier, or are unbranded on all tiers. Searched the help center for 'watermark badge powered by 10web'; no relevant result."
pass2,adobe-express,free_plan_watermark,vendor_silence,pattern,silence signal: \bdoes not appear\b,"No row or statement addressing visible watermark/branding on Free-plan outputs anywhere in the pricing page's feature grid (word ""watermark"" does not appear on the page at all)."
pass2,adobe-express,trial_card_required,vendor_silence,pattern,silence signal: \bno document\b,"No document read (pricing page, Subscription and Cancellation Terms, General Terms of Use, Adobe Express Product Specific Terms, Adobe Generative AI Product Specific Terms, generative-credits helpx FAQ) states whether starting the trial requires payment details. Footnote 1 (""Billing begins when free trial ends...Subscription automatically renews until you cancel"") implies a stored payment method but per codebook this is inference, not a statement, and is barred (matches the codebook's own Vendor I worked example)."
pass2,adobe-express,failed_generation_charge_policy,vendor_silence,pattern,silence signal: \bno document\b,"No document read (Subscription and Cancellation Terms, General Terms of Use, Adobe Express or Generative AI Product Specific Terms, generative-credits FAQ) states what happens to credits on a technical failure or empty/unusable result. The FAQ addresses normal consumption (""Credits are consumed when using features powered by Firefly...upon generation"") and a queue-limit error (21st queued video) but not generation failure specifically."
pass2,adobe-express,watermark_removal_tier,vendor_silence,pattern,silence signal: \bno document\b,"No document read states that any tier is watermark-free, nor that any/every tier applies a watermark; the pricing feature grid contains no watermark row at all. (Distinct from the Content-Credentials/provenance-metadata clause found in the Generative AI Product Specific Terms - see coder_note - which is not a tier-differentiated visible watermark statement.)"
pass2,adobe-firefly,free_plan_watermark,vendor_silence,pattern,silence signal: \bno document\b,"No document found states whether free-plan outputs are watermarked or branded. The pricing-page feature grid only compares Standard vs Pro (not Free), and the help-center Free/Standard/Pro/Pro Plus/Premium comparison table has no watermark row for any tier. The Gen AI Product Specific Terms sec. 3.1 only prohibits removing 'any watermarks... that MAY be generated with the Output' -- conditional wording that does not state whether/for which tier watermarks are actually applied."
pass2,adobe-firefly,trial_card_required,vendor_silence,pattern,silence signal: \bno official document\b,"No official document states whether payment details are required to start the Firefly free trial. The embedded commerce JSON's pricePoint code contains the substring 'TWP', an internal Adobe naming token, not a buyer-facing statement -- per codebook rule, inference from a signup-link/offer-code's design is barred, and the absence of an explicit statement is coded unknown. The general Subscription and Cancellation Terms page's 'Free Trial Terms' subsections describe payment-method authorization for trials generally but that language appears only under 'Annual contract' plan types, not under the"
pass2,adobe-firefly,trial_auto_converts,vendor_silence,pattern,"silence signal: \bno\b.{0,50}\b(?:located|found)\b","No official document found explicitly states that the Firefly trial converts to a paid subscription automatically unless canceled. The general Subscription and Cancellation Terms' 'Free Trial Terms' language ('At the end of your free trial, your subscription begins, and Adobe will automatically charge your payment method...') appears only under 'Annual contract' subsections, not under the 'Month to month' type matching this entry tier -- see trial_card_required for the same gap. Coded unknown rather than applying that language across plan types by inference."
pass2,adobe-firefly,failed_generation_charge_policy,vendor_silence,pattern,"silence signal: \bno\b.{0,50}\b(?:located|found)\b","No official document found (pricing page, Gen AI Product Specific Terms, General Terms, Subscription and Cancellation Terms, or the generative-credits-faq help page) states what happens to credit consumption when a generation fails, errors, or produces nothing usable. Silent throughout."
pass2,adobe-firefly,watermark_removal_tier,vendor_silence,pattern,silence signal: \bno document\b,"No document found states which tier(s), if any, apply or remove a watermark on Firefly outputs. Neither the pricing-page feature grid (Standard vs Pro only) nor the help-center Free/Standard/Pro/Pro Plus/Premium comparison table carries a watermark row for any tier. The Gen AI Product Specific Terms only bars removing watermarks 'that MAY be generated' -- conditional wording, not a statement of when/for whom they are generated."
pass2,aiclicks,failed_generation_charge_policy,vendor_silence,pattern,silence signal: \bnone (?:of the documents )?(?:state|address|mention),"Terms of Service, the Help Center (Billing FAQ, Billing troubleshooting, Data & Product troubleshooting) and product docs (metrics-overview, create-content) were read; none states whether a failed or errored prompt check consumes the monthly allowance."
pass2,aiclicks,renewal_notice_commitment,vendor_silence,pattern,silence signal: \bno (?:such )?(?:clause|commitment|figure|mention)\b,"Terms of Service Payment & Billing and Refunds & Cancellations sections read in full; no commitment to notify before a renewal charge is stated, and none is denied either — silent."
pass2,aiclicks,commercial_use_lowest_tier,vendor_silence,hand,"HAND. Terms of Service (read in full, 13 sections plus the embedded Acceptable Use Policy), the pricing page, and the docs page specific to the AI-article-generation feature (create-content) were all read; none addresses commercial-use rights over the AI-optimized articles the product generates for paying customers, including the one document most specific to that exact output.","The product generates a real content output (""AI-optimized articles per month"" is listed on every paid tier). Terms of Service (read in full), the pricing page, and the docs ""create-content"" page never address commercial-use rights over this output."
pass2,aiclicks,output_ownership_statement,vendor_silence,pattern,silence signal: \bdoes not (?:state|address|specify|mention|define)\b,"Terms of Service ""Intellectual Property"" clause covers only AIclicks's own platform/software/branding (""All content, software, and branding on AIclicks are the intellectual property of AIclicks or its licensors""); it does not address ownership of the AI-optimized articles or reports generated for the customer."
pass2,aiva,free_plan_watermark,vendor_silence,pattern,silence signal: \bno document\b,"No document states free-plan outputs are watermarked or branded, nor that they are not. Free tier documents only an ATTRIBUTION/crediting requirement ('Credit must be given to AIVA'), a usage condition, not a stated property of the downloaded file. Checked: pricing page, EULA (legal/1, full text), all 8 help-center FAQ articles, General User Manual - none use the word 'watermark'. (Third-party review pages claim a 3-second audio watermark on free downloads; not used as evidence per protocol - no official AIVA document confirms it.)"
pass2,aiva,failed_generation_charge_policy,vendor_silence,pattern,silence signal: \bno document\b,"EULA §6 states generation-rate limits ('cannot create more than 100 Compositions per hour', '400 ... every 24 hours', '5 Compositions at one time, quota resets everytime a Composition has been fully generated') but does not state whether a failed/errored generation consumes the monthly download allowance or the hourly/daily generation quota. No document (EULA, pricing page, 8 FAQ articles, General User Manual) addresses generation failure outcomes."
pass2,aiva,renewal_notice_commitment,vendor_silence,hand,"HAND. EULA section 9 (part of all 12 sections read in full), the pricing page, all 8 help-center FAQ articles, and the General User Manual were checked; section 9 addresses auto-renewal mechanics directly (placing the burden of disabling it on the licensee) but commits to no advance notice before a renewal charge, and no other document does either -- the vendor addressed the adjacent mechanics while leaving notice unaddressed.","EULA and help-center documents were checked; none commit to advance notice before a renewal charge, and none explicitly disclaim it either."
pass2,aiva,refund_window_days,instrument_gap,hand,"AUDIT. 'EULA S9 conditions refund eligibility on USAGE (""have not used any of the premium features""), not on a stated number of days' -- the coder_note adds 'not time-windowed, so no day count exists to record'. The vendor published a complete refund rule on a dimension the integer-only format cannot express.","EULA §9 conditions refund eligibility on USAGE ('have not used any of the premium features'), not on a stated number of days; no document states a day-count window."
pass2,aiva,watermark_removal_tier,vendor_silence,pattern,silence signal: \bno document\b,"No document (pricing page, EULA, 8 FAQ articles, General User Manual) uses the word 'watermark' for any tier, so neither a watermark's existence nor its removal tier can be determined from official sources. See free_plan_watermark for the same finding."
pass2,anomaly-ai,credit_rollover_policy,vendor_silence,pattern,silence signal: \bno statement\b,No statement found in pricing page or terms of service about what happens to unused credits at period end
pass2,anomaly-ai,failed_generation_charge_policy,vendor_silence,hand,"HAND. The pricing page's 'How credits work' section defines cost by step type in detail but never addresses a failed, erroring, or empty-result step; this is a fully-read, on-topic document, not a narrow search. Both passes independently reached this same finding and the published adjudicated record re-confirms it after a third read, on a vendor whose entire 3-document universe (pricing, terms, privacy) was exhaustively confirmed via sitemap and subdomain probing.","""How credits work"" defines cost by step type but never addresses a failed, erroring, or empty-result step"
pass2,anomaly-ai,auto_renewal_default,vendor_silence,pattern,silence signal: \bnever states\b,"""Subscription and Billing"" states fees are charged ""in accordance with the pricing and billing terms presented at the time of purchase"" but never states whether subscriptions renew automatically"
pass2,anomaly-ai,renewal_notice_commitment,vendor_silence,hand,"HAND. Terms of service (read in full) was checked, and the coder confirmed via sitemap.xml (~130 URLs) plus 404s on /faq /help /billing /subscription and unconfigured help./docs. subdomains that no help-center or billing page exists anywhere on this domain -- the vendor's entire document universe was exhaustively enumerated and contains no renewal-notice commitment.",No stated commitment to notify before a renewal charge found in any document read
pass2,anomaly-ai,refund_policy_exists,vendor_silence,hand,"HAND. Terms of service and pricing page (both read in full) never mention refunds, and a dedicated refund page was confirmed absent by 404 and by its absence from the enumerated sitemap.xml -- not merely unfound but proven not to exist. Pass1 reached the identical conclusion independently on the same basis.",Terms of service (read in full) and pricing page never mention refunds; no dedicated refund page exists (404; absent from sitemap.xml)
pass2,anomaly-ai,refund_window_days,vendor_silence,hand,"HAND. Cascades from refund_policy_exists=unknown, itself grounded in a full read of the terms of service and pricing page plus confirmation via sitemap.xml and 404s that no dedicated refund page exists anywhere on the domain. No day-count window is stated because no refund policy of any kind is published; pass1 reached the same finding independently.",refund_policy_exists = unknown; no window stated anywhere
pass2,anomaly-ai,refund_conditions,vendor_silence,hand,"HAND. Same basis as refund_window_days: terms of service and pricing page fully read, no dedicated refund page exists (confirmed via sitemap.xml and 404s), so no conditions of any kind are published. Matches pass1's independent, identically-reasoned finding.",refund_policy_exists = unknown; no conditions stated anywhere
pass2,anomaly-ai,commercial_use_lowest_tier,vendor_silence,hand,"HAND. The only IP/commercial clause in the fully-read terms of service ('Content is provided for personal or internal business use only...') governs the vendor's own service content, not user-generated outputs, and no pricing-grid row addresses commercial use of outputs. Matches pass1's independent finding on the same basis.","The only IP/commercial clause (""Content is provided for personal or internal business use only; commercial redistribution requires our written consent"") governs the vendor's own service content, not user-generated outputs; no pricing-grid row addresses commercial use of outputs"
pass2,anomaly-ai,output_ownership_statement,vendor_silence,hand,"HAND. The terms' 'You retain all rights to the data you upload or connect to the platform' covers INPUT data only; a separate 'AI-Generated Content Disclaimer' clause treats AI-generated outputs (queries, analyses, dashboards, insights) as its own category addressing only accuracy/liability, never ownership. This is the textbook adjacent-construct case -- input ownership stated, output ownership conspicuously not -- and matches pass1's near-identical independent finding.","""You retain all rights to the data you upload or connect to the platform"" covers INPUT data; the separate ""AI-Generated Content Disclaimer"" clause treats ""AI-generated outputs — including queries, analyses, visualisations, dashboards, and insights"" as its own category addressing only accuracy/liability, never ownership"
pass2,aragon-ai,free_plan_watermark,vendor_silence,pattern,silence signal: \bdoes not appear\b,"Read pricing page (both tabs), ToS, and the free-headshot-generator page in full; ""watermark"" does not appear on any of them in connection with the free tier's output."
pass2,aragon-ai,failed_generation_charge_policy,vendor_silence,pattern,silence signal: \bnone (?:of the documents )?(?:state|address|mention),"ToS, pricing-page FAQs (both tabs), refund policy, and the free-headshot-generator FAQ were all read; none states what happens to credits/charges when a generation fails, errors, or produces nothing usable."
pass2,autoshorts-ai,failed_generation_charge_policy,vendor_silence,pattern,silence signal: \bno official document\b,"No official document (ToS, FAQ, pricing page, Privacy) addresses what happens to the allowance on a failed or errored generation."
pass2,autoshorts-ai,auto_renewal_default,vendor_silence,pattern,silence signal: \bno document\b,"No document states subscriptions renew automatically or equivalent. Closest language, FAQ 'Can I get a refund?': 'You can cancel any time though and your subscription ends' -- describes the cancellation case, not a default-renewal statement. Not inferred from 'membership'/'subscription' wording alone; see coder_note."
pass2,autoshorts-ai,renewal_notice_commitment,vendor_silence,pattern,silence signal: \bno document\b,"No document commits to, or disclaims, advance notice before a renewal charge."
pass2,beautiful-ai,watermark_removal_tier,vendor_silence,hand,"HAND. The compare-plan grid (read in full, including a 'Player branding' row present on Team/Enterprise and absent on Pro, which the coder explicitly declined to treat as equivalent to a watermark without a stated tie) and the Terms of Service (read in full, keyword-checked for 'watermark') both cover branding-adjacent territory without ever naming a watermark policy. A separate 'AI terms' page returned only unrendered boilerplate and was not chased further, but watermarking-on-exports is a product/feature-grid matter, which was read in full.","neither ""watermark"" nor an equivalent term appears on the pricing page or in the ToS; the compare-plan grid's ""Player branding"" row (absent on Pro, present on Team/Enterprise) is not explicitly tied to watermarking and was not treated as equivalent to it"
pass2,colossyan,trial_card_required,vendor_silence,pattern,silence signal: \bno document\b,"The ""No credit card required"" note is scoped to the Starter (free-plan) sign-up block, not to the Professional card's ""Try it free"" trial CTA. No document ties a card requirement (or its absence) to the trial specifically."
pass2,colossyan,failed_generation_charge_policy,vendor_silence,pattern,silence signal: \bnone (?:of the documents )?(?:state|address|mention),"ToS, Acceptable Use Policy, and the Zendesk Pricing & Packaging FAQ were read; all describe successful generation (""Whenever you click on Generate we deduct the full length of the video... regardless of if you generated that video before or not"") and re-generation of drafts, but none states what happens when a generation technically fails or errors."
pass2,colossyan,renewal_notice_commitment,instrument_gap,hand,"AUDIT. A documented notice commitment scoped to a different trigger, which the binary advance_notice_stated/no_notice_stated list has no slot to express -- the study's own named event-conditional-notice gap. The hand basis for plus-ai states the test: vendor_silence applies where there is 'not even an adjacent clause about price or plan changes -- unlike sibling records ... where an adjacent, differently-triggered notice clause exists'. Deciding sentence here: 'S4.4's notice commitment covers material price/service changes generally, not each renewal charge' -- the adjudicated row for this same product and variable was hand-reclassified instrument_gap on this exact clause.","ToS, pricing page and help-center FAQ read in full; no commitment to notify the buyer before a renewal charge found (§4.4's notice commitment covers material price/service changes generally, not each renewal charge)."
pass2,elevenlabs,failed_generation_charge_policy,vendor_silence,pattern,silence signal: \bno statement\b,"FAQ ""Am I charged for every generation?"": ""Credits are charged per generation request, not per download. If you are not satisfied with the output, a limited number of free regenerations may be available..."" This addresses buyer DISSATISFACTION with an output, not a technical failure or empty result (codebook rule 1 distinguishes the two); no statement found on technical-failure handling specifically."
pass2,elevenlabs,renewal_notice_commitment,instrument_gap,hand,"AUDIT. A documented notice commitment scoped to a different trigger, which the binary advance_notice_stated/no_notice_stated list has no slot to express -- the study's own named event-conditional-notice gap. The hand basis for plus-ai states the test: vendor_silence applies where there is 'not even an adjacent clause about price or plan changes -- unlike sibling records ... where an adjacent, differently-triggered notice clause exists'. Deciding sentence here: 'Section 6(a) commits to 7 days' notice only for a PRICE CHANGE ... a distinct, narrower commitment'.","No statement found committing to notify the buyer in advance of an ordinary renewal charge. Section 6(a) commits to 7 days' notice only for a PRICE CHANGE (""you must cancel your Recurring Subscription at least 7 days before the changes take effect""), a distinct, narrower commitment — noted in coder_note."
pass2,google-veo,trial_exists,vendor_silence,pattern,silence signal: \bno document\b,"No document found frames a time-limited trial of the Veo paid tier. gemini-api/docs/billing describes only a permanent Free/Tier-1/2/3 progression (Veo itself has no free-tier quota at all -- its rows read ""Kullanilamiyor""/N-A under Free Tier). cloud.google.com/free states a general ""$300 in free credit for new [Google Cloud] customers"" but does not state it applies to Gemini API paid-tier usage specifically, nor state a duration on that page; gemini-api/docs/billing separately states a user must already hold a paid, prepaid credit balance before Cloud promotional credits become usable for the"
pass2,google-veo,trial_card_required,vendor_silence,hand,"HAND. Cascades from trial_exists, itself investigated across many reachable documents (gemini-api/docs/billing, cloud.google.com/free, the Tier 1/2/3 progression tables) that were all read; Veo carries no free-tier quota at all (marked N/A) and a general $300 new-customer Cloud credit's applicability to Gemini API/Veo usage specifically is never confirmed. Google's own scattered, multi-surface billing structure simply never yields a determinate trial answer, despite an unusually thorough 12-document investigation across this record.","trial_exists could not be determined (see above), so whether a trial requires a card is likewise undetermined by the documents read; not coded not_applicable because that would assert the determinate fact 'no trial exists', which the documents do not establish either."
pass2,google-veo,trial_length_days,vendor_silence,pattern,silence signal: \bno document\b,Same basis as trial_exists/trial_card_required: no document states a trial length for the Veo entry tier.
pass2,google-veo,trial_auto_converts,vendor_silence,pattern,silence signal: \bno document\b,"Same basis: no document frames a trial-to-paid conversion event for Veo access; billing tier progression (Free to Tier 1) is described as an upgrade the developer initiates by prepaying, not as a trial converting automatically."
pass2,google-veo,auto_renewal_default,instrument_gap,hand,"AUDIT. 'neither on, off, nor no_recurring_billing is documented; coded unknown rather than stretched to fit' -- the vendor fully documents the billing mechanics (cloud.google.com/terms 2.1(a), charged 'immediately at the end of the Fee Accrual Period'); no_recurring_billing means 'sold as a one-time purchase', which continuous per-second metering is not. The instrument has no slot, exactly the docstring's pay-per-event-meets-billing-period case.","The entry tier is continuous per-second metered billing with no discrete subscription term to renew. cloud.google.com/terms Section 2.1(a) describes charging ""immediately at the end of the Fee Accrual Period"" for non-invoiced payment, and Section 2.1(b)(ii) describes a SEPARATE, optional ""Annual/Fixed-Term Plan"" commitment -- not the default pay-as-you-go arrangement used here. No document read uses renew/continue/auto-renew language for the metered-billing arrangement itself, so neither on, off, nor no_recurring_billing is documented; coded unknown rather than stretched to fit."
pass2,google-veo,auto_renewal_disclosure_location,instrument_gap,hand,"AUDIT. 'distinct from ""absent"", which would assert the documents affirmatively address renewal and say nothing'. The codebook defines this variable's `unknown` as 'The documents could not be located' -- but the documents WERE located and read; `absent` and `not_applicable` ('Billing does not recur') both misdescribe continuous metered billing. No value fits.","Follows from auto_renewal_default: since no document frames this billing mode in renewal terms at all, there is no disclosure of a renewal position to locate (distinct from 'absent', which would assert the documents affirmatively address renewal and say nothing -- here the documents do not address it in these terms either way for metered billing)."
pass2,google-veo,renewal_notice_commitment,vendor_silence,pattern,"silence signal: \bno\b.{0,50}\b(?:located|found)\b",No advance-notice-before-charge commitment was found in gemini-api/terms or cloud.google.com/terms for the metered-billing arrangement.
pass2,google-veo,commercial_use_lowest_tier,vendor_silence,pattern,silence signal: \bno document\b,"No document states a tiered commercial-use grant/restriction for generated content. Two adjacent but non-dispositive clauses exist: ""Use of Google AI Studio and Gemini API is for developers building with Google AI models for professional or business purposes, not for consumer use"" (an access-eligibility statement, not an output-rights grant) and ""Google won't claim ownership over that content"" (an ownership disclaimer, not an explicit commercial-use permission). Per the codebook's own worked example on trial_card_required, implication is not a statement, so this is coded unknown rather than in"
pass2,humanizemy,free_plan_watermark,vendor_silence,pattern,silence signal: \bno document\b,"No document (pricing page, FAQ, Terms, Refund Policy) states whether free-tier text output carries any watermark or branding; the point is never raised in either direction. Coded unknown rather than not_applicable because a text-rewrite output is not obviously incapable of carrying an appended watermark/signature the way e.g. a bare detection score would be."
pass2,humanizemy,failed_generation_charge_policy,vendor_silence,pattern,silence signal: \bno document\b,"No document (pricing page, Terms, Refund Policy, FAQ) states what happens to a plan's request/humanization allowance when a generation attempt fails or errors."
pass2,humanizemy,refund_window_days,vendor_silence,hand,"HAND. The dedicated Refund & Cancellation Policy page (read in full, archived) states three qualifying refund conditions but never a day-count eligibility window; its only day figure, a 14-day response SLA for how long the vendor takes to answer a submitted request, is a different construct the coder correctly declined to substitute. Matches the identical, already-decided pass1 finding for this same vendor's same page (and its sibling record humanizemy-ai-detector).","No day-count refund-eligibility window is stated anywhere; the policy is condition-based (legal requirement / duplicate charge / documented material service failure), not window-based. The document's only day-count, 'We will review the request and respond within 14 days,' is the vendor's response-time commitment to a submitted request, not a deadline for the buyer to request one, and is not the same quantity — not recorded as the window."
pass2,humanizemy,commercial_use_lowest_tier,vendor_silence,pattern,silence signal: \bno document\b,"No document (pricing page, Terms, Refund Policy, FAQ) addresses commercial use of outputs as a rights/permission question. Terms of Service section 6 addresses ownership only ('You retain ownership of all text you submit... We claim no ownership over your inputs or outputs'), which is a different construct from a commercial-use permission or restriction."
pass2,humanizemy,watermark_removal_tier,vendor_silence,pattern,silence signal: \bno document\b,"No document mentions watermarking of the humanizer's text output for any tier, free or paid. Not coded not_applicable because a rewritten-text output is not obviously incapable of carrying an appended watermark/signature; silence is read as unknown, consistent with the codebook's own free_plan_watermark rule that a silent pricing table is unknown."
pass2,ismybrandinai,free_plan_cap_documented,vendor_silence,pattern,silence signal: \bno document\b,"No document anywhere states a usage limit (quantified or unquantified) on how many checks may be run, nor an explicit 'unlimited' claim. The tool's no-account, client-side design makes a cap technically improbable but that is an inference, not a documented statement, so this is coded unknown rather than all_quantified."
pass2,ismybrandinai,free_plan_cap_value,vendor_silence,hand,"HAND. ToS (read in full), About page, Tools listing, and the AI Bot Checker's own page and FAQ were checked, plus a full sitemap.xml enumeration (54 URLs) and a cross-check against a sibling tool confirming the same free/unmetered pattern; no document states a usage limit on the free tool in any form. Matches the identical, already-decided pass1 finding for this same vendor on the same cascading basis.",No quantified limit is published; matches free_plan_cap_documented=unknown.
pass2,jobscan,headline_billing_basis,instrument_gap,pattern,format/construct signal: \bnone of the codebook'?s? allowed values\b,"Card reads ""$29.98 per month"" / ""Billed as $89.95 every 3 months"" -- a QUARTERLY billing cadence. None of the codebook's allowed values (per_month_billed_annually, per_month_billed_monthly, per_seat_per_month, one_time, usage_based) describe a quarterly cadence. Per the study's instrument-frozen instruction for this exact gap, coded unknown rather than inventing a 'per_month_billed_quarterly' value; see coder_note."
pass2,jobscan,annual_default_toggle,instrument_gap,hand,"HAND. The pricing page clearly preselects Quarterly (highlighted pill, 'Most popular' ribbon) among a three-way Free/Quarterly/Monthly display, with no monthly-vs-annual toggle at all; the variable's value list (annual_preselected, monthly_preselected, no_toggle, not_applicable, conflicting) has no category for a specific quarterly-cadence preselection among three options. The coder explicitly names this the same instrument-coverage gap as headline_billing_basis's already-known quarterly-cadence gap.","Page preselects 'Quarterly' (highlighted pill, 'Most popular' ribbon) among a three-way Free/Quarterly/Monthly display, not a monthly-vs-annual toggle. None of the variable's allowed values (annual_preselected, monthly_preselected, no_toggle, not_applicable, conflicting) describes a quarterly-preselected state among three options, so coded unknown rather than inventing a value -- same instrument-coverage gap as headline_billing_basis. See coder_note."
pass2,jobscan,free_plan_watermark,vendor_silence,pattern,"silence signal: \bno\b.{0,50}\b(?:located|found)\b","No watermark statement found on the pricing page, the resume-builder product page, the ai-resume-builder page, or the help center for either the scanner or the free resume-builder output."
pass2,jobscan,credit_rollover_policy,vendor_silence,hand,"POST-WINDOW RETRIEVAL 2. WAS access_failure. Same recovered Terms, same self-dated warrant, construct absent.","Auto Apply credit page states the monthly top-up (""topped up to 2 credits each month"") but does not state whether unused credits carry forward or expire; not addressed elsewhere in accessible documents."
pass2,jobscan,failed_generation_charge_policy,vendor_silence,pattern,silence signal: \bno document\b,No document addresses what happens to a credit when an Auto Apply attempt fails or errors.
pass2,jobscan,renewal_notice_commitment,vendor_silence,hand,"POST-WINDOW RETRIEVAL 2. WAS access_failure. The Terms that would not return in English were recovered from the viewer's own content endpoint; construct absent. Independent window-era warrant: the document self-dates 'Last updated March 16, 2026', inside the window.",No document found committing to advance notice before a renewal charge.
pass2,jobscan,commercial_use_lowest_tier,access_failure,hand,"HAND. The general Terms of Service, the codebook's first-ranked source for commercial-use rights, exists but could not be read in English across four independent attempts (WebFetch, two browser navigations, an existing Wayback capture, and an archive.ph attempt all rendered Turkish body text), documented in the record's own access-note file. No other accessible document addresses commercial use of Jobscan-generated content.","The general Terms of Service -- the plausible governing document for this variable -- could not be read in English (see sources list and jobscan-sources/terms-of-service-ACCESS-NOTE.txt). No other accessible official document (pricing page, cancellation policy, SaaS Agreement, help center, product pages) addresses commercial use of Jobscan-generated resume/cover-letter content."
pass2,jobscan,watermark_removal_tier,vendor_silence,pattern,silence signal: \bno official document\b,"No official document addresses whether any tier's resume/cover-letter export carries a watermark; checked pricing page, resume-builder page, ai-resume-builder page, and the full help center article list."
pass2,jobscan,output_ownership_statement,access_failure,hand,"HAND. Same root cause as commercial_use_lowest_tier: the general Terms of Service could not be read in English after four independent attempts. A different document, the SaaS Agreement, was read but governs a separate B2B 'Organizations' contract and is ambiguous about whether its input-ownership clause extends to AI-generated output for the individual Premium tier coded here -- correctly not treated as conclusive for a different product.","General ToS inaccessible in English (see sources list). SaaS Agreement (a different, B2B-contract document) states ""Customer represents and warrants that Customer is the owner of all right, title and interest... in and to all Customer Content,"" but 'Customer Content' plausibly means uploaded/input content rather than Jobscan's AI-generated output, and that document governs a negotiated Organizations contract, not the individual Premium entry tier -- not treated as conclusive evidence for this product. See coder_note and conflict_note."
pass2,jobscan,unquantified_limit_clause,access_failure,hand,"HAND. The codebook requires reading the terms of service and acceptable-use policy in full for this variable, and the general Terms of Service could not be read in English after four independent attempts. The SaaS Agreement was read in full but is a different B2B contract, not 'the terms' for the individual Premium product coded here, so it cannot substitute despite containing no qualifying clause itself.","This variable requires reading the terms and acceptable-use policy IN FULL to code absent; the general ToS could not be read in English. The SaaS Agreement (read in full, a different document) contains no fair-use/reasonable-use/excessive-use clause -- only a standard anti-resale/anti-reverse-engineering restriction, which the codebook explicitly excludes from this variable -- but the SaaS Agreement is not itself 'the terms' for the individual Premium product, so this does not license coding absent."
pass2,krea-ai,first_charge_amount_usd,vendor_silence,pattern,silence signal: \bno document\b,"No document states the annual/Yearly plan is charged as a single lump sum for twelve months. The Basic card shows only the per-month-equivalent figure, no per-year total and no 'billed annually' caption anywhere in the card. The Manage Subscriptions doc's renewal section says generically 'Charges occur on the same date each month' with no carve-out for annual-toggle subscribers, which does not resolve whether Yearly-toggle users are charged once per year or monthly at the discounted rate. Per codebook 5.2/D-first-charge rule, multiplying by 12 requires a document stating the plan is charged on"
pass2,krea-ai,free_plan_watermark,vendor_silence,pattern,silence signal: \bdoes not appear\b,The word 'watermark' does not appear anywhere in the rendered page text or full page HTML (checked programmatically); no feature-grid row addresses it for any tier.
pass2,krea-ai,failed_generation_charge_policy,vendor_silence,pattern,silence signal: \bno document\b,No document addresses what happens to compute-unit consumption when a generation fails or errors; the Compute Units guide covers running out of units and troubleshooting 'Insufficient Compute Units' but never mentions failed/errored jobs specifically.
pass2,krea-ai,watermark_removal_tier,vendor_silence,pattern,silence signal: \bdoes not appear\b,"The word 'watermark' does not appear anywhere on the pricing page (checked programmatically, rendered text and full HTML) or in the docs pages read; no tier's watermark status is stated, though the product's image/video outputs are plainly watermark-capable media."
pass2,nicepage,trial_card_required,vendor_silence,pattern,silence signal: \bno official document\b,no official document states whether payment details are required to start the trial; the trial doc states only that registration starts it ('The Trial Period starts right after the registration'). Not inferred per codebook rule.
pass2,nicepage,renewal_notice_commitment,vendor_silence,pattern,silence signal: \bno document\b,no document found that commits to (or disclaims) advance notice before a renewal charge
pass2,nicepage,output_ownership_statement,vendor_silence,pattern,silence signal: \bneither states\b,"terms and the license agreement (read in full) address restrictions on USE and redistribution of Nicepage's own downloadable template assets, but neither states who owns or holds rights in the website/output the buyer builds and publishes"
pass2,pika,failed_generation_charge_policy,vendor_silence,pattern,silence signal: \bno document\b,"No document (pricing page, FAQ, ToS, AUP) states what happens to credits when a generation fails, errors, or produces nothing usable."
pass2,recraft,free_plan_watermark,vendor_silence,hand,"HAND. The free-plan feature list, free-plan docs page, and Terms of Service (searched in full for 'watermark') were all checked; ToS section 8.2 directly addresses Recraft's watermark/metadata-embedding capability but describes it as tier-agnostic, never distinguishing free from paid -- the adjacent-construct pattern that is stronger evidence of genuine silence than total silence. Matches the published adjudicated finding for this exact product/variable, on which both passes already agreed.","Free plan's feature list (""3 generations per style per day"", ""3 image uploads daily"", ""Up to 2 images per generation"", ""Basic editing tools"", ""Style Library and custom style creation"", ""All images are public"", ""No commercial use"", ""No parallel generation"", ""Recraft models only"") contains no watermark row of any kind. Free-plan docs page and the Terms of Service (searched in full for ""watermark"") do not state a tier-differentiated watermark position either -- ToS section 8.2 describes Recraft's general ABILITY to embed watermarks/metadata across the product, not a free-vs-paid rule, so it does "
pass2,recraft,watermark_removal_tier,vendor_silence,pattern,silence signal: \bno document\b,"No document -- pricing page feature grid, free-plan docs, Terms of Service (searched in full), or the ownership/commercial-use FAQ -- states a tier-differentiated watermark position. ToS section 8.2 describes Recraft's general capability to embed watermarks/metadata across the product but does not tie this to a specific tier."
pass2,shortsfaceless,credit_rollover_policy,vendor_silence,hand,"HAND. This reviewer independently read the complete 5,591-character Terms of Service capture (2026-08-15-tos.html, identical text to pass1's capture) and confirmed no mention of rollover, unused, expire, or reset anywhere in the document; the site's only real pages (confirmed by pass2's own exhaustive route-probing of /refund /cancellation /billing /help /faq /docs /terms, all fake) are the homepage, ToS, /deal, and privacy policy. Matches pass1's fully-evidenced identical finding for the same vendor.",
pass2,shortsfaceless,failed_generation_charge_policy,unattributable_weak_basis,hand,"HAND. This record's evidence field for the value is blank, with no stated search method or coder_note discussion at all. This is the same construct, on the same vendor, whose pass1 sibling value was already reversed from an apparent finding to unattributable_weak_basis because a narrow keyword search cannot establish silence on this exact construct; a record showing even less work than the reversed one does not clear that bar either.",
pass2,shortsfaceless,auto_renewal_default,vendor_silence,hand,"HAND. This reviewer independently read the complete Terms of Service capture (2026-08-15-tos.html) and confirmed zero mentions of renew, recurring, automatically, or subscription (the sole 'subscription' hit sitewide is an unrelated affiliate clause, per pass1's parallel check); the site has no help center or billing FAQ. Matches pass1's fully-evidenced identical finding for this vendor.",
pass2,shortsfaceless,renewal_notice_commitment,vendor_silence,hand,"HAND. This reviewer independently confirmed via the complete Terms of Service capture that no advance-notice-before-renewal language exists anywhere in the document, consistent with the ToS's total silence on renewal generally. The pass1 sibling record for this identical vendor and variable was already auto-classified vendor_silence on the same 'no document read states it' basis.",
pass2,shortsfaceless,refund_window_days,vendor_silence,hand,"HAND. The coder_note directly explains the value: 'Same guarantee carries no stated day-window, hence refund_window_days=unknown' -- the complete refund text sitewide is the four-word '100% money-back guarantee' on /deal (quoted elsewhere in this record), and no other document states a window. Matches pass1's fully-evidenced identical finding for the same vendor and same guarantee text.",
pass2,shortsfaceless,cancellation_self_serve,vendor_silence,hand,"HAND. This reviewer independently confirmed via the complete Terms of Service capture that the word 'cancel' does not appear anywhere in the document, and the record's own site-structure note confirms /cancellation and /billing are fake routes that fall back to a generic sign-in page. Matches pass1's fully-evidenced identical finding ('no document... describes a cancellation route of any kind') for this vendor.",
pass2,teal,headline_billing_basis,instrument_gap,pattern,format/construct signal: \bnone of the codebook'?s? allowed values\b,"Vendor publishes a fixed 90-calendar-day recurring cycle ('Every 90 days'), not a calendar month or a 12-month annual term. None of the codebook's allowed values (per_month_billed_annually / per_month_billed_monthly / per_seat_per_month / one_time / usage_based) matches a 90-day non-monthly, non-annual recurring cycle; not one_time because tealhq.com/terms Sec.5 states subscriptions auto-renew. Coded unknown per instrument-freeze instruction rather than inventing a value."
pass2,teal,free_plan_watermark,vendor_silence,pattern,silence signal: \bno document\b,"No document read (pricing page, full ToS, five help-center articles including the Teal-vs-Teal+ feature comparison table) mentions watermarking or branding of exported resumes/cover letters. Silent, not documented absent -- output type (PDF resume) could in principle carry a watermark, so not_applicable does not apply."
pass2,teal,credit_rollover_policy,instrument_gap,hand,"AUDIT. The vendor DID document the allowance's cycle; the value list (rolls_over/partial_rollover/expires_at_period_end) presupposes a recurring billing period the documents state does not exist -- the tool's own docstring names this shape ('a variable that assumes a billing period'). Deciding sentence: 'The free plan has no recurring billing period for a ""rollover"" concept to attach to ... so none of rolls_over/partial_rollover/expires_at_period_end is documented. JUDGMENT CALL'.","Free-plan AI credits are described as ""non-renewable"" but no document states whether unused credits expire, carry forward, or simply persist until used. The free plan has no recurring billing period for a 'rollover' concept to attach to (unlike a paid subscription cycle), so none of rolls_over/partial_rollover/expires_at_period_end is documented. JUDGMENT CALL noted in coder_note."
pass2,teal,failed_generation_charge_policy,vendor_silence,pattern,silence signal: \b(?:is|are|remain)s? silent\b,"No document (pricing page, ToS, help.tealhq.com ""Using AI: Bullets"" walkthrough of Improve/Regenerate flow, trial-FAQ) states whether a failed/errored generation or a ""Regenerate"" click consumes a credit. Silent, consistent with the codebook's own note that this variable is silent often."
pass2,teal,commercial_use_lowest_tier,vendor_silence,pattern,silence signal: \bno document\b,"No document states a tiered commercial-use grant for generated resumes/cover letters (no feature-grid row, no ToS clause on this specific point). Closest related text is the SERVICE-level license in ToS Sec. 1: ""the Service is solely for your personal use and not for resale"" -- about licensing of the Service itself, not a stated commercial-use right/restriction on the OUTPUT content. JUDGMENT CALL on category fit noted in coder_note."
pass2,teal,watermark_removal_tier,vendor_silence,pattern,silence signal: \bno document\b,"No document (pricing page, full ToS, Teal-vs-Teal+ comparison table, or other help articles read) mentions a watermark on any tier's exported resume/cover letter, positively or negatively."
pass2,udio,free_plan_watermark,vendor_silence,pattern,silence signal: \bno statement\b,"Pricing page feature grid, ToS, and the four checked help-center articles contain no statement about watermarking or branding of outputs on any tier."
pass2,udio,trial_card_required,vendor_silence,pattern,silence signal: \bneither states\b,"ToS 3.5 and the help-center trial article both state a stored card will be CHARGED automatically at conversion, but neither states a card must be supplied to START the trial. Matches codebook's own worked example (Vendor I): automatic-conversion language implies but does not state a card requirement."
pass2,udio,failed_generation_charge_policy,vendor_silence,pattern,silence signal: \bno document\b,"No document (ToS, pricing page, four checked help-center articles) states whether a technically-failed or empty generation consumes a credit."
pass2,udio,renewal_notice_commitment,vendor_silence,pattern,silence signal: \bno document\b,ToS 3.3 states the USER must cancel 7 days before renewal; no document states a vendor commitment to notify the buyer in advance of the renewal charge.
pass2,udio,watermark_removal_tier,vendor_silence,pattern,silence signal: \bno document\b,"No document (pricing page, ToS, four checked help-center articles) states whether outputs on any tier carry a watermark or vendor branding."
pass2,undetectable-ai,free_plan_cap_value,vendor_silence,hand,"HAND. Cascades from free_plan_cap_documented=none_quantified: the free/'Basic' tier's own product page was read and describes it only qualitatively, with 'Unlimited' appearing solely in the page's title tag (never repeated with a number in visible body or FAQ copy) and a nearby '10,000 characters' figure not clearly attributed to the free tier specifically. The vendor discusses the tier without ever publishing a genuine quantified figure to transcribe.",No free-plan-specific quantified figure is published to record; see free_plan_cap_documented note
pass2,undetectable-ai,free_plan_watermark,vendor_silence,pattern,silence signal: \bneither states\b,Checked /ai-humanizer and /pricing; neither states whether free/Basic-tier output carries vendor branding or a watermark
pass2,undetectable-ai,trial_card_required,vendor_silence,pattern,silence signal: \bneither states\b,Checked /pricing and /help; neither states whether payment details are required to start the trial
pass2,undetectable-ai,trial_length_days,instrument_gap,hand,"HAND. The trial's entire documented constraint, per the pricing page ('Free Trial is limited to 250 words. Additional usage requires paid plan activation.'), is a word count, and no day-based figure is published anywhere in any document read (pricing, terms, help). The variable can only hold an integer count of days or unknown/not_applicable/conflicting; it has no slot for a trial whose sole published limit is denominated in words rather than time.","Trial is bounded by a WORD count (250 words), not a day count; no day-based length is published anywhere. See coder_note for the actual published limit."
pass2,undetectable-ai,failed_generation_charge_policy,vendor_silence,pattern,silence signal: \bneither states\b,Checked terms and help/FAQ in full; neither states whether a failed/erroring humanization attempt consumes the word allowance
pass2,undetectable-ai,commercial_use_lowest_tier,vendor_silence,pattern,silence signal: \bneither grants\b,"Checked terms (IP section) and the ethics page; neither grants or denies commercial-use rights over the humanized output text at any tier. The ethics page lists 'To create marketing content' as an ethically acceptable use case, but this is an ethical-use policy, not a legal rights/license statement, so it was not used to code a determinate tier."
pass2,undetectable-ai,watermark_removal_tier,unattributable_weak_basis,hand,"AUDIT. 'Pricing page lists ""Watermark and future proof"" as an included paid-tier feature ... Ambiguous phrase, not resolved by any document'. The vendor is NOT silent -- it published a tier-gated row whose referent (vendor branding vs. removing model-embedded detection watermarks) cannot be determined. Directly parallel to the hand precedent pass1/playht/trial_exists: 'One ambiguous word cannot establish either a real trial or its absence.'","Pricing page lists 'Watermark and future proof' as an included paid-tier feature, but no document (checked pricing + terms) states whether this concerns vendor branding on output (the codebook's construct) or removal of AI-model-embedded detection watermarks (the vendor separately sells an 'AI Text Watermark Remover' product, suggesting the latter reading). Ambiguous phrase, not resolved by any document; see coder_note."
pass2,undetectable-ai,output_ownership_statement,vendor_silence,hand,"HAND. Terms of Service Section 2 (the vendor's own site/software content) and Sections 8-9 (user-posted community 'Contributions') were read; neither extends to the humanized text output the tool generates from user input -- the vendor addresses ownership carefully in two neighboring categories while never reaching the actual output. Matches pass1's independent, nearly identical finding for the same vendor and variable.",ToS Section 2 addresses ownership of the vendor's own site/software content; Sections 8-9 address user-posted community 'Contributions'. Neither addresses ownership of the humanized TEXT OUTPUT the tool generates from a user's input.
pass2,vidnoz,failed_generation_charge_policy,vendor_silence,pattern,silence signal: \bnone (?:of the documents )?(?:state|address|mention),"Checked the pricing-page FAQ, terms.html, refundpolicy.html, ethics.html, and the credits how-to help article; none states whether a failed or errored generation consumes credits"
adjudicated,10web,free_plan_watermark,vendor_silence,pattern,silence signal: \bdoes not appear\b,"AGREED by both passes. 'watermark' does not appear anywhere in the ToS, PUP, pricing page, or the free-plan help articles in the sense of vendor branding on outputs. Principal output (a website) plainly could carry a footer badge, so not_applicable does not fit; documented silence codes unknown."
adjudicated,10web,credit_rollover_policy,vendor_silence,pattern,silence signal: \bno document\b,"AGREED by both passes. No document among those read states whether unused AI Credits roll over, expire, or cap-and-expire; both passes searched the help center directly for rollover/expire language near 'credit' and found nothing."
adjudicated,10web,failed_generation_charge_policy,vendor_silence,pattern,silence signal: \bno document\b,AGREED by both passes. No document states whether a failed or errored AI request still consumes its 1 credit.
adjudicated,10web,commercial_use_lowest_tier,vendor_silence,pattern,silence signal: \bno document\b,"DISPUTED, resolved by rule. This variable's definition asks specifically whether documents grant 'the right to use outputs commercially' -- a construct the codebook keeps distinct from output_ownership_statement ('what the documents say about who holds rights in generated outputs', agreed by both passes as user_owns from the same clause). The word 'commercial' does not appear anywhere in 10Web's ToS, its Prohibited Use Policy, its pricing page, or (per a full-text search of the entire ~836-article help-center corpus, run by pass 1 and re-confirmed by this adjudicator) any help-center article, "
adjudicated,10web,watermark_removal_tier,vendor_silence,pattern,silence signal: \bno document\b,"AGREED by both passes. No document states whether any tier's generated websites carry, or are free of, 10Web branding. Principal output could plainly carry such branding, so not_applicable does not fit; documented silence codes unknown."
adjudicated,adobe-express,free_plan_watermark,vendor_silence,hand,"HAND. Both passes independently checked the pricing-page feature grid, General Terms of Use, Subscription and Cancellation Terms, both Product Specific Terms PDFs, the generative-credits FAQ, and the Express Free-plan help page -- six document classes, one of which (the Gen AI PST PDF) was directly opened and quoted elsewhere in this same record -- and both correctly distinguished the unrelated Content-Credentials/provenance-metadata clause from a tier-differentiated visible-watermark statement, finding none.","No 'watermark' row or statement in the pricing-page feature grid, General Terms of Use, Subscription and Cancellation Terms, either Product Specific Terms document, generative-credits FAQ, or the Express Free-plan help page. Agreed by both passes. Both passes also independently distinguish this from the Content-Credentials/provenance-metadata clause in the Generative AI Product Specific Terms, which is invisible AI-provenance metadata, not a tier-differentiated visible watermark statement."
adjudicated,adobe-express,trial_card_required,vendor_silence,pattern,silence signal: \bno document\b,"No document read (pricing page, Subscription and Cancellation Terms, General Terms of Use, either Product Specific Terms document, generative-credits FAQ) states whether a card is required to start the trial. The auto-charge-at-trial-end footnote implies a stored payment method, but implication is not a statement (codebook trial_card_required rule 3 / worked example). Agreed by both passes. Kind: vendor silence -- the documents that would settle this were all located and read; none states a position either way."
adjudicated,adobe-express,failed_generation_charge_policy,vendor_silence,pattern,silence signal: \bnot addressed\b,"Not addressed in the Subscription and Cancellation Terms, General Terms of Use, either Product Specific Terms document, or the generative-credits FAQ. The FAQ addresses normal consumption and a queue-limit error but not generation failure specifically. Agreed by both passes. Kind: vendor silence -- all relevant documents were located and read."
adjudicated,adobe-express,watermark_removal_tier,vendor_silence,pattern,silence signal: \bno document\b,"No document states which tier(s) carry vendor watermarks/branding, or that none do; no watermark row exists in the pricing feature grid. Distinct from the Content-Credentials/provenance-metadata clause (invisible AI-provenance metadata, not a tier-differentiated visible watermark statement). Agreed by both passes."
adjudicated,adobe-firefly,free_plan_cap_value,instrument_gap,hand,"AUDIT. Evidence: free_plan_cap_documented=none_quantified, vendor publishes 'free daily generations... refresh every day' / help-table 'Limited' but never a number, and the field's Format rule allows only a formatted figure or unknown - documented-but-unquantified allowance, no slot. The study's own overrides file cites THIS record as an instrument-gap precedent ('the same instrument gap this study's adobe-firefly and anomaly-ai adjudicated records name explicitly and resolve the same way').","ADJUDICATED 2026-08-16 under the variable's own Format and Decision rule (codebook Domain 3, `free_plan_cap_value`): the only permitted values are a properly-formatted quantified limit ('quantity unit per period' / 'quantity unit') OR the literal tokens unknown / not_applicable / conflicting -- 'Do not paraphrase an unquantified limit into a number.' Both passes independently agree free_plan_cap_documented=none_quantified (no source anywhere -- plans page 'free daily generations... refresh every day', help-center table 'Limited' -- publishes a number), so there is nothing quantified to transcr"
adjudicated,adobe-firefly,free_plan_watermark,vendor_silence,pattern,silence signal: \bno document\b,"AGREED. No document read (plans-page feature grid, help-center comparison table, Gen AI Product Specific Terms) states whether free-tier outputs are watermarked. The Gen AI terms' non-removal clause ('must not remove... any watermarks... that MAY be generated') is conditional and does not state whether or for which tier a watermark is actually applied."
adjudicated,adobe-firefly,trial_card_required,vendor_silence,pattern,silence signal: \bno official document\b,"AGREED. No official document (pricing page, General Terms of Use section 3.7, Subscription and Cancellation Terms) states whether payment details are required to start the trial. The Subscription and Cancellation Terms' 'Free Trial Terms' language appears only under 'Annual contract' plan-type subsections, not under the 'Month to month' type that governs this entry tier's confirmed commitment, so it cannot be read across without the inference the instrument bars."
adjudicated,adobe-firefly,trial_auto_converts,vendor_silence,hand,"HAND. The Subscription and Cancellation Terms was read in full; its 'Month to month' clause, which governs this entry tier, carries no auto-conversion language, while the same document's 'Annual contract' clause explicitly states conversion -- a genuine, segment-specific absence for this tier, not a search miss, and the General Terms of Use's permissive 'if available' wording was correctly not read as a substitute statement.","AGREED, same gap as trial_card_required. The Subscription and Cancellation Terms' automatic-conversion language ('At the end of your free trial... Adobe will automatically charge...') is stated only under 'Annual contract' subsections, not the 'Month to month' subsection matching this entry tier. General Terms of Use 3.7 is permissive ('you may continue... in a paid subscription, if available'), not an explicit auto-conversion statement. Coded unknown rather than reading the annual-plan clause across to a month-to-month product."
adjudicated,adobe-firefly,failed_generation_charge_policy,vendor_silence,pattern,silence signal: \bno document\b,"AGREED. No document read (pricing page, generative-credits FAQ, General Terms, Subscription and Cancellation Terms, Gen AI Product Specific Terms) states what happens to credit consumption when a generation fails, errors, or produces nothing usable. Silent throughout."
adjudicated,adobe-firefly,watermark_removal_tier,vendor_silence,pattern,silence signal: \bno document\b,"AGREED. No document read states which tier(s), if any, apply or remove a watermark on Firefly outputs; neither the plans-page feature grid nor the help-center comparison table carries a watermark row for any tier. The Gen AI Product Specific Terms bar removing watermarks 'that MAY be generated' -- conditional wording, not a statement of when or for whom they are generated."
adjudicated,aiva,free_plan_watermark,vendor_silence,pattern,silence signal: \bno document\b,"No document read (pricing page, EULA, all 8 help-center FAQ articles, General User Manual) states whether Free-plan audio/MIDI output files carry an embedded watermark or vendor branding, or states that they do not. The Free plan's ""Credit must be given to AIVA"" clause is a usage/attribution obligation on how the buyer credits AIVA when publishing a track elsewhere -- a distinct construct from an embedded audio watermark on the output file itself -- and does not satisfy this variable. Third-party review pages claim a 3-second audio watermark on free downloads; per protocol this is not used as "
adjudicated,aiva,failed_generation_charge_policy,vendor_silence,hand,"HAND. Pricing page, EULA section 6 'Technology & Limitations' (a dedicated, on-point limitations clause stating generation-rate ceilings but nothing about failures), all 8 help-center FAQ articles, and the General User Manual were all read; none addresses a failed or errored generation's effect on the download allowance.","Checked and found silent: pricing page (states only the monthly download allowance), EULA section 6 ""Technology & Limitations"" (states generation-rate ceilings -- 100 Compositions/hour, 400/24h, 5 at once -- but nothing about a failed/errored attempt's effect on the download allowance or the generation quota), the 8 help-center FAQ articles, and the General User Manual. The product does meter output, so not_applicable's ""no per-output accounting at all"" condition is not met either; the documents are simply silent on the failure case specifically. Both passes agree."
adjudicated,aiva,renewal_notice_commitment,vendor_silence,pattern,silence signal: \bno document\b,"Checked and found silent: EULA (including section 9), pricing page, all 8 FAQ articles, and the General User Manual. No document commits to advance notice before a renewal charge, and none explicitly disclaims it either. Both passes agree."
adjudicated,aiva,refund_window_days,vendor_silence,pattern,silence signal: \bno document\b,"EULA section 9 conditions refund eligibility on non-use of premium features (""if, and only if, they have not used any of the premium features""), not on a stated number of days; no document read (EULA, pricing page, or FAQs) publishes a day-count refund window. Not 0, because refunds are available (refund_policy_exists = ""yes""); the day figure itself is simply not published. Both passes agree."
adjudicated,aiva,watermark_removal_tier,vendor_silence,pattern,silence signal: \bno document\b,"No document read (pricing page, EULA, licensing FAQ, cancellation FAQ, General User Manual) uses the word ""watermark"" for any tier, so neither a watermark's existence nor a removal tier can be determined from official sources. The principal output (a music composition/audio file) is a media artifact that could in principle carry a watermark, so the not_applicable carve-out does not apply. Both passes agree; see free_plan_watermark for the same finding."
adjudicated,anomaly-ai,free_plan_cap_value,instrument_gap,pattern,format/construct signal: \binstrument gap\b,"ADJUDICATED 2026-08-16 under this variable's own Format rule: the only permitted shapes are a properly formatted quantified figure, or the literal token unknown / not_applicable / conflicting -- ""Do not paraphrase an unquantified limit into a number."" free_plan_cap_documented=none_quantified (above) leaves nothing quantified to transcribe, so unknown is the format-conforming value. This is an INSTRUMENT GAP, not vendor silence: the vendor did publish a qualitative description of the Free allowance (""Included credits"" / ""Enough to try core analysis and dashboard workflows""), it simply never att"
adjudicated,anomaly-ai,free_plan_watermark,vendor_silence,pattern,silence signal: \bdocumented silence\b,"ADJUDICATED 2026-08-16 under domain-3's decision rule (""a silent pricing table is unknown"") and domain-11 rule 3, which free_plan_watermark's own not_applicable row imports (""the output type cannot carry a watermark""). ""Watermark"" and its plausible synonyms (brand, logo used as output-branding, powered by, attribution, white-label) appear on zero of the 10 official pages checked -- re-swept by this adjudicator beyond pass 1's literal-keyword grep, only hits are the vendor's own schema.org Organization/logo metadata, unrelated to output branding. This is a genuinely silent set of documents, com"
adjudicated,anomaly-ai,credit_rollover_policy,vendor_silence,pattern,silence signal: \bnot addressed\b,"AGREED. No ""rollover"", ""roll over"", ""reset"", ""expire"", or ""unused"" language on the pricing page or in the Terms of Service (raw-HTML grep, case-insensitive, zero hits both). What happens to unused credits at period end is not addressed anywhere."
adjudicated,anomaly-ai,failed_generation_charge_policy,vendor_silence,hand,"HAND. Both passes agreed and the adjudicator re-checked: no 'fail', 'unsuccessful' or 'deduct' language on the pricing page or in the Terms. The product clearly meters generation, so not_applicable does not fit and silence is the finding.","AGREED. No ""fail"", ""unsuccessful"", or ""deduct"" language addressing whether a failed/errored step still consumes credits, on the pricing page or in the Terms of Service. The product clearly meters generation, so this is silence, not absence of a metered step (not_applicable does not fit)."
adjudicated,anomaly-ai,auto_renewal_default,vendor_silence,pattern,silence signal: \bdoes not (?:state|address|specify|mention|define)\b,"AGREED (vendor silence, confirmed by a completed read -- see coder_note). ""Subscription and Billing"": fees are charged ""in accordance with the pricing and billing terms presented at the time of purchase"" -- does not state renewal is automatic, does not state it is not. ""Renew""/""auto-renew"" absent from the full Terms of Service; the only near-match (""recurring business reports"") describes the product's use case, not billing. Not coded from the word ""subscription"" alone, per the no-inference rule."
adjudicated,anomaly-ai,renewal_notice_commitment,vendor_silence,pattern,silence signal: \bno (?:such )?(?:clause|commitment|figure|mention)\b,"AGREED (vendor silence, confirmed by a completed read). No commitment to notify before a renewal charge in any document checked. The Terms' 30-days'-notice commitment covers ""material changes to these Terms"" generally, not renewal-charge notice specifically, so it does not satisfy this construct."
adjudicated,anomaly-ai,refund_policy_exists,vendor_silence,pattern,silence signal: \b(?:is|are|remain)s? silent\b,"AGREED (vendor silence, confirmed by a completed read -- see coder_note). ""Refund"" found on zero of the 10 official pages, including a full grep of the Terms of Service; /refund /refund-policy /cancellation-policy /cancel all 404; no help center exists to check. Documents are silent, not stating a position either way."
adjudicated,anomaly-ai,refund_window_days,vendor_silence,hand,"HAND. Same exhaustive silence finding as refund_conditions: refund_policy_exists is unknown after a completed, two-independent-method sweep of all 10 official pages plus subdomain probing and a sitemap crawl, so no window figure exists anywhere to record.","AGREED. refund_policy_exists = unknown, so no window figure is stated anywhere to record."
adjudicated,anomaly-ai,refund_conditions,vendor_silence,hand,"HAND. Cascades from refund_policy_exists, itself confirmed unknown by an exhaustive sweep: 10 official pages grepped for 'refund' with zero hits, help/docs/support subdomains returning Cloudflare 526 with no origin configured, /refund /refund-policy /cancellation-policy /cancel all 404, independently reconfirmed by a full sitemap crawl -- a thin vendor site with no refund documentation anywhere, not a retrieval failure.","AGREED. refund_policy_exists = unknown, so no conditions are stated anywhere to record."
adjudicated,anomaly-ai,commercial_use_lowest_tier,vendor_silence,hand,"HAND. The pricing page and Terms of Service were read in full, part of a 10-official-page sweep independently corroborated by a full sitemap.xml enumeration (~130 URLs); no feature-grid row or clause addresses commercial-use rights in outputs, and the 'recurring business reports' tagline was correctly not read as a grant.","AGREED. No feature-grid row or clause addresses commercial-use rights in outputs, on the pricing page or in the Terms of Service. The ""recurring business reports"" tagline describes the intended use case, not a stated grant or restriction for any specific tier; coding a tier from marketing framing would be exactly the inference section 6.3 forbids."
adjudicated,anomaly-ai,watermark_removal_tier,vendor_silence,pattern,silence signal: \bno document\b,"ADJUDICATED 2026-08-16, same basis as free_plan_watermark above -- domain-11 rule 3's not_applicable carve-out (""a detection score or an analysis table"") does not describe Anomaly AI's documented output roster (shareable dashboards, PDF, Slides, Excel reports, scheduled email), which explicitly includes presentation-format exports this exact study elsewhere confirms is a watermark-relevant construct (gamma.yaml: Slides output, free_plan_watermark=yes, watermark_removal_tier=lowest_paid). No document states any tier's watermark/branding status (re-swept for synonyms, see coder_note). Documented"
adjudicated,anomaly-ai,output_ownership_statement,vendor_silence,hand,"HAND. The Terms of Service and the Security page were both read and both affirmatively address INPUT-data ownership only; pass 2 additionally located a third document, an 'AI-Generated Content Disclaimer,' which addresses AI-generated outputs but only for accuracy and liability, never ownership -- an adjacent construct addressed twice, output ownership itself never stated.","AGREED. Terms of Service (""You retain all rights to the data you upload or connect to the platform. We do not claim ownership of your data."") and the Security page (""Customers retain full ownership of all data uploaded to or processed by Anomaly AI."") both address INPUT data ownership only; pass 2 additionally confirms a separate ""AI-Generated Content Disclaimer"" clause treats AI-generated outputs (queries, analyses, visualisations, dashboards, insights) as its own category addressing only accuracy/liability, never ownership. A genuine construct gap -- the two documents agree with each other o"
adjudicated,aragon-ai,free_plan_watermark,vendor_silence,pattern,silence signal: \bdoes not appear\b,"AGREED. 'Watermark' does not appear anywhere in connection with the FREE tier's output, on either pass's full-text read (including this adjudicator's independent read of the now-accessible Subscription tab, which addresses paid tiers only). Distinct from watermark_removal_tier below, which is about paid tiers."
adjudicated,aragon-ai,failed_generation_charge_policy,vendor_silence,hand,"HAND. Full-text search of all documents including both pricing tabs, re-read at adjudication. Failure language appears only as output-quality disclaimers and a dissatisfaction-driven 'Free Redo' offer — neither is a statement about technical failure consuming allowance.","AGREED. Full-text search of all documents (both tabs included, this adjudication's re-read) for failure/error language found only output-quality disclaimers and a dissatisfaction-driven 'Free Redo' offer — not a statement about technical failures consuming or not consuming allowance."
adjudicated,aragon-ai,watermark_removal_tier,vendor_silence,pattern,silence signal: \bno document\b,"ADJUDICATED 2026-08-16 under codebook 2.1's decision tree, applied after the entry-tier finding above. Verified live 2026-08-16: 'No watermarks' is listed as an included feature on all 4 Subscription-tab tiers (Lite $15/mo up). But the entry paid tier is Basic (one-time, $18, Headshots > Individual Pricing — the default display state; sampling-rules 7.2), and no document states the watermark status of Basic, Standard, Executive, or the free tier. This variable's lowest_paid/mid_tier/highest_tier values are tier-ladder constructs anchored to the entry paid tier (parallel to commercial_use_lowes"
adjudicated,autoshorts-ai,failed_generation_charge_policy,vendor_silence,hand,"HAND. Terms & Conditions and all 27 FAQ questions were read in full by both passes; the adjacent statement that re-renders from script or series edits 'do not count against your plan' was correctly distinguished from a failed-generation policy, which neither document addresses.","AGREED -- vendor_silence, confirmed by a completed read (see coder_note). Terms & Conditions and all 27 FAQ questions were read in full by both independent passes; neither addresses what happens to the allowance on a failed or errored generation. The closest adjacent statement (re-renders from script/series edits ""do not count against your plan"") concerns edits, not failures, and does not answer this construct."
adjudicated,autoshorts-ai,auto_renewal_default,vendor_silence,hand,"HAND. Terms & Conditions (generic boilerplate with no billing or renewal clause at all) and all 27 FAQ questions were read in full by both independent passes; the FAQ's cancellation sentence was correctly distinguished from a default-renewal statement, with no inference drawn from 'membership'/'subscription' wording alone.","AGREED -- vendor_silence, confirmed by a completed read (see coder_note). Terms & Conditions is a generic boilerplate document with no billing/subscription/renewal clause at all; FAQ's ""you can cancel any time though and your subscription ends"" describes the cancellation case, not a default-renewal statement. Per the no-inference rule, not coded ""on"" from ""membership""/""subscription"" wording or from the mere existence of monthly/yearly billing intervals."
adjudicated,autoshorts-ai,renewal_notice_commitment,vendor_silence,pattern,silence signal: \bno statement\b,"AGREED -- vendor_silence, confirmed by a completed read (see coder_note). No statement of advance notice, or its absence, before a renewal charge in Terms or FAQ, both read in full."
adjudicated,beautiful-ai,renewal_notice_commitment,vendor_silence,pattern,silence signal: \bno document\b,"Both passes independently found the SAME underlying fact on a full-text read of the ToS: it commits to advance notice for material service changes and for agreement changes, but contains no commitment to notify before a renewal CHARGE specifically (ToS section 14.3 addresses general notice mechanics, not a pre-renewal-charge commitment). The dispute is purely which CODE that shared fact earns. Resolved against pass 2's no_notice_stated: this variable's decision rule defines only advance_notice_stated's bar and gives no_notice_stated no rule text of its own, unlike variables the codebook DOES e"
adjudicated,beautiful-ai,commercial_use_lowest_tier,vendor_silence,hand,"AUDIT. Pattern fired on 'no determinate' but the sentence reads 'Coded unknown under codebook 2.1 step 4 (no determinate value)' - the general indeterminacy default, not a codebook-slot claim; the record never says the format lacks a slot. Vendor raised commercial use in an ambiguous clause without committing, which this study's own hand decision on undetectable-ai/watermark_removal_tier calls 'a genuine failure by the vendor to commit to a position on a topic it raised' = vendor_silence. All 12 hand commercial_use_lowest_tier decisions are vendor_silence or access_failure, none instrument_gap; pass1 sibling on this same clause is vendor_silence.","ToS section 2.2, read in full for this adjudication: the license grant covers (a) installing/running the Application, (b) accessing/using the Service, and (c) using Beautiful.ai's own template/design materials, and states ""in each of the foregoing cases, solely for Customer's internal business or personal, non-commercial purposes"" -- the restriction reaches the ENTIRE license (all three clauses), not narrowly the Materials-usage clause alone as pass 1's evidence field suggested. That broader reach does not resolve the ambiguity, though: the phrase remains genuinely, grammatically two-way ambig"
adjudicated,colossyan,failed_generation_charge_policy,vendor_silence,pattern,silence signal: \bnone (?:of the documents )?(?:state|address|mention),"Agreed both passes. Pricing page, ToS, AUP, and the billing/usage Help Center articles all describe minutes being deducted 'whenever you click Generate', but none addresses a technical failure or empty-result case specifically -- silence, not a stated policy."
adjudicated,colossyan,renewal_notice_commitment,instrument_gap,hand,"HAND. ToS Section 4.4 and the Help Center billing articles were read in full and do commit to notice, but only for 'material price/service changes generally,' not for an ordinary renewal charge -- a documented, event-conditional notice commitment that renewal_notice_commitment's binary advance_notice_stated/no_notice_stated value list has no slot to express, the same event-conditional-notice gap this study has already named.","Agreed both passes. Terms and the Help Center billing articles state renewal happens automatically unless canceled, but neither commits to notifying the customer in advance of a renewal charge; pass 2 additionally notes ToS Section 4.4's notice commitment covers material price/service changes generally, not each renewal charge."
adjudicated,copyleaks,failed_generation_charge_policy,vendor_silence,pattern,silence signal: \b(?:is|are|remain)s? silent\b,"RESOLVED to unknown (disputed: pass1=unknown, pass2=not_charged). Kind: vendor_silence. The documents that govern the coded product — the pricing page, the ToS read in full, and the Personal/Pro-facing Help Center articles — say nothing about whether a technically-failed scan consumes a credit; pass 1 confirmed this after reading all three. Pass 2's source for not_charged, docs.copyleaks.com (""You are only charged for successfully completed scans. If a scan fails due to an error, the credits will be automatically refunded.""), is Copyleaks' API developer documentation — its own text addresses a"
adjudicated,copyleaks,renewal_notice_commitment,instrument_gap,hand,"AUDIT. 'Sec.22.3 ... commits to advance notice only for vendor-initiated CHANGES to subscription plans or pricing' - a documented, event-conditional vendor notice commitment the advance_notice_stated/no_notice_stated list cannot express. This is the study's own named event-conditional-notice gap (hand: adjudicated/colossyan, adjudicated/jobscan, pass1/picsart all instrument_gap on this exact shape).","RESOLVED to unknown (disputed: pass1=unknown, pass2=no_notice_stated). Kind: vendor_silence. ToS §14 read in full: §14.1's 14-day notice period runs FROM the buyer TO Copyleaks (the opt-out-of-renewal obligation), not a vendor commitment to notify the buyer of anything. §22.3 (found by pass 1; outside pass 2's verbatim-read range and outside its keyword sweep, which never searched ""notice""/""notify"") commits to advance notice only for vendor-initiated CHANGES to subscription plans or pricing — a different commitment from notice of a routine, same-price renewal charge, so it does not satisfy adv"
adjudicated,elevenlabs,failed_generation_charge_policy,vendor_silence,pattern,silence signal: \bno document\b,"Both passes agree. The pricing-page FAQ addresses buyer dissatisfaction with an output (limited free regenerations), not a technical failure or empty result, which the codebook distinguishes explicitly; no document states what happens to credits on a technical failure. Silence, per the codebook's own worked example for this exact variable. "
adjudicated,elevenlabs,renewal_notice_commitment,vendor_silence,pattern,silence signal: \bno document\b,"Both passes agree, from the identical clause. ToS 6(a)'s 7-day notice commitment covers a PRICE CHANGE specifically (""you must cancel... at least 7 days before the changes take effect""), not a commitment to notify before an ordinary renewal charge. No document states or disclaims advance renewal notice -- genuinely silent, so unknown rather than an inferred no_notice_stated. "
adjudicated,faceless-so,credit_rollover_policy,vendor_silence,pattern,silence signal: \bnever states\b,"AGREED, and independently re-verified by this adjudicator reading credits-limits-clean.txt in full: the doc describes what the ledger records ('purchases, subscription grants, spends and refunds') and what does NOT refund credits (deleting a video), but never states what happens to an unused monthly allowance at period end. unknown_kind=vendor_silence: the documents were read in full and reachable; the vendor simply never addresses it."
adjudicated,faceless-so,failed_generation_charge_policy,vendor_silence,hand,"HAND (2026-08-17, D-070). The adjudicator declared vendor_silence in its own evidence prose and this orchestrator confirmed the declaration against the record. The classifier left it NEEDS_HAND_REVIEW by design, not by defect: it never auto-assigns vendor_silence, because that is the category which flatters this study's headline finding. Basis re-read here rather than taken on the declaration: the developer docs state WHEN credits are charged (at creation) and separately that a generation can fail (status polling exists), and never state whether a failed generation's credits are kept or returned. Reachable documents, read in full, silent on the construct - which is vendor_silence and not instrument_gap, since the codebook defines this construct clearly and carries a matching example.","AGREED, independently re-verified by this adjudicator: docs state WHEN credits charge ('at creation') and separately that generation can fail (status polling), but never state whether a failed generation's credits are kept or returned. Matches the codebook's own Vendor O example exactly. unknown_kind=vendor_silence."
adjudicated,faceless-so,auto_renewal_default,vendor_silence,pattern,silence signal: \bnone (?:of the documents )?(?:state|address|mention),"DECIDED. Disputed: pass1=on (flagged by pass1 itself as a judgment call), for-cause=unknown. Rule applied: decision rule 1 (terms rank first) + rule 2, read against rule 4's own distinction between a document that STATES automatic renewal and one that merely IMPLIES a fixed term. This adjudicator read the full Terms of Service directly: zero occurrences of renew/cancel/subscription/billing/recurring anywhere (confirmed by grep against the complete text, independently of either prior pass's account). The only billing-continuity language anywhere is cancellation-framed: pricing-page FAQ 'you can"
adjudicated,faceless-so,renewal_notice_commitment,vendor_silence,pattern,silence signal: \bno document\b,"AGREED. No document (terms, pricing page, either FAQ, developer docs) makes any statement about notifying the buyer before or after a renewal charge. unknown_kind=vendor_silence. Note for the record: this evidence is phrased as an enumerated-term search ('no mention of receipts, emails, or advance-notice periods') in both prior records; this adjudicator's own full read of the 597-word Terms of Service (9 short sections, confirmed to address none of billing/renewal/cancellation/refund at all) independently corroborates the silence, so the value is not resting on the search phrasing alone."
adjudicated,faceless-so,refund_window_days,vendor_silence,pattern,silence signal: \bno document\b,"AGREED (not disputed; both passes reached unknown, though for-cause's route there was structural rather than substantive). Now resting on refund_policy_exists=yes above: the refund answer conditions eligibility on credit usage, not on a stated day-count, and no document anywhere publishes a numeric refund window for Starter or any tier. unknown_kind=vendor_silence."
adjudicated,google-veo,headline_price_usd,instrument_gap,hand,"HAND. The record's own evidence opens TIER-SELECTION UNRESOLVED: the product has no pricing page and is sold through two non-equivalent official surfaces, and sampling-rules 7.2 does not say whether its usage-based carve-out runs at vendor-wide or product-attributable level. The adjudicator coded unknown under protocol 7.4 step 5 for an underdetermined rule, not for vendor silence. Queue item A-016.","TIER-SELECTION UNRESOLVED. Google Veo has no dedicated pricing page of its own. Two distinct, non-equivalent, official, self-serve, non-sales-gated surfaces exist: (A) the Google AI Plus/Pro/Ultra consumer subscription ladder, which bundles storage, Gemini chat, Docs/Gmail AI, YouTube perks, image/music generation, coding agents, and shared ""Flow credits"" redeemable across several Flow tools including Veo video generation -- entry rung ""Google AI Plus"" priced $9.99/mo or $4.99/mo depending on which of two live Google pages is read (see conflict_note), annual-equiv $119.88/$59.88; and (B) the G"
adjudicated,google-veo,headline_billing_basis,instrument_gap,hand,"HAND. Surface A's pricing card reads per_month_billed_monthly; Surface B's per-second Gemini API rate card reads usage_based -- both values are correctly documented for their own, fully-read surface; the instrument does not determine which surface's headline figure this record's headline_billing_basis is meant to describe.","Cascades from headline_price_usd (unresolved entry tier). Surface A (Flow/AI-Plus) bills per_month_billed_monthly (both candidate figures quoted ""/mo"", Monthly preselected on load). Surface B (Gemini API) is usage_based (per-second, no monthly/annual option published anywhere for Veo). Both are correctly documented for their own surface; which one describes ""the headline figure"" is undetermined because the headline figure itself is. "
adjudicated,google-veo,first_charge_amount_usd,instrument_gap,hand,"HAND. Surface A's own conflicting $9.99/$4.99 monthly figure is read directly (Monthly default, no annualization); Surface B's ai.google.dev/gemini-api/docs/billing states a documented $10.00 minimum prepay. Both figures are well-evidenced on their own surface; which a buyer actually pays first is undetermined because the governing surface is.","Cascades from headline_price_usd. Surface A: first charge = the conflicting $9.99/$4.99 monthly figure itself (Monthly default state, no annualization per rule 3). Surface B: first charge = the documented $10.00 minimum prepay required to reach the paid tier (ai.google.dev/gemini-api/docs/billing: ""prepaying at least $10 USD credit"" / ""minimum purchase amount is $10 USD""), independent of the $0.05/sec headline rate. Both figures are real and well-evidenced for their own surface; which a buyer actually pays first is undetermined because the entry tier is. "
adjudicated,google-veo,annual_default_toggle,instrument_gap,hand,"HAND. one.google.com/about/plans (Surface A, consumer subscription) loads Monthly-preselected; no Veo surface on ai.google.dev (Surface B, developer API) carries a monthly/annual toggle at all, being metered per second. Both pages were read and re-verified live; the two default states differ in kind because sampling-rules 7.2 has no rule for choosing which of two non-equivalent official surfaces is 'the' entry tier for a product with no dedicated pricing page.","Cascades from headline_price_usd: which page counts as ""the"" pricing page is undetermined. one.google.com/about/plans loads with Monthly preselected (monthly_preselected, pass 1). No Veo pricing surface on ai.google.dev carries a monthly/annual toggle at all -- it is metered per second (no_toggle, pass 2). The two candidate surfaces' own default states genuinely differ in kind, not merely in which is ""correct"", and neither is confirmed as governing. "
adjudicated,google-veo,trial_exists,instrument_gap,hand,"HAND. Surface A's dedicated Google AI Plus sign-up article states no trial, explicitly contrasted against AI Pro's article which does mention one; Surface B's billing docs are genuinely silent on a time-limited trial of paid Veo access on their own terms. Both surfaces were read in full; the two give different answers even taken independently, and which surface governs is unresolved.","Cascades from headline_price_usd: trial_length_days's own rule ties trial terms to ""the entry paid tier"", which is undetermined. Surface A: pass 1 found a determinate ""no"" -- Google AI Plus's own dedicated sign-up article contains zero mentions of a trial, contrasted explicitly against Google AI Pro's article, which does mention one, showing the documents distinguish tiers deliberately rather than being silent across the board. Surface B: pass 2 found the documents genuinely silent on a time-limited trial of Veo paid access (only a permanent free/Tier-1/2/3 progression, and a general $300 GCP "
adjudicated,google-veo,trial_card_required,instrument_gap,hand,"HAND. support.google.com/googleone/answer/16548195 (Surface A) and ai.google.dev/gemini-api/docs/billing (Surface B) were both read; not_applicable would assert the determinate fact that no trial exists, which is not established since Surface B's own trial_exists reading was already unknown on its own terms.","Downstream of trial_exists, now unknown rather than ""no"". not_applicable would assert the determinate fact that no trial exists, which is no longer established once the entry tier itself is undetermined (Surface B's own trial_exists reading was already unknown, not ""no""). "
adjudicated,google-veo,trial_length_days,instrument_gap,hand,"HAND. Downstream of trial_exists; this is an explicit sampling-rules 5.2 entry-tier variable tied to 'the entry paid tier,' which cannot be identified between the fully-read Surface A and Surface B documents.","Downstream of trial_exists, now unknown. This is an explicit sampling-rules 5.2 entry-tier variable (""record the entry paid tier's trial""); the entry tier is undetermined. "
adjudicated,google-veo,trial_auto_converts,instrument_gap,hand,"HAND. Downstream of trial_exists, itself split by surface: Surface A's AI Plus sign-up article states no trial while AI Pro's sibling article does mention one; Surface B's billing docs are silent on a time-limited trial on their own terms. Both surfaces' documents were read; which one governs the entry tier is unresolved.","Downstream of trial_exists, now unknown, for the same reason as trial_card_required. "
adjudicated,google-veo,credit_system_present,instrument_gap,hand,"HAND. support.google.com/flow/answer/16526234 (Surface A) documents an intermediate 'Google Flow credits' currency with published per-model conversion rates; ai.google.dev/gemini-api/docs/pricing (Surface B) bills directly in USD per second with no intermediate unit named. Both were read and re-verified live 2026-08-15; both are accurate for their own path, and the instrument has no rule for which path governs a product with no dedicated pricing page.","Cascades from headline_price_usd. Surface A: ""yes"" -- an intermediate ""Google Flow credits"" currency meters Veo generations, exact per-model conversion rates published. Surface B: ""no"" -- Veo is billed directly in USD per second, no intermediate unit named. Both are accurate, simultaneously-true descriptions of their own path; this is not a vendor inconsistency the source hierarchy can settle (both surfaces are ""live pricing page"" class, tied), it is a consequence of not knowing which path governs this record. See coder_note for why this is coded unknown rather than conflicting. "
adjudicated,google-veo,credit_unit_defined,instrument_gap,hand,"HAND. Surface A's Flow-credits help article defines the unit with published per-model costs (e.g. 'Veo 3.1 Fast: 20 credits/generation'); Surface B's Gemini API pricing page has no credit system. Both documents were read; not_applicable would wrongly assert the determinate fact of no credit system, which is not established once the entry-tier surface itself is unresolved.","Downstream of credit_system_present, now unknown rather than ""no"". not_applicable would assert the determinate fact of no credit system, which credit_system_present no longer establishes. Surface A alone would score ""yes"" (per-model credit costs published, e.g. ""Veo 3.1 Fast: 20"" credits/generation); this figure is preserved in coder_note for a reader auditing the rejected-as-unconfirmed candidate. "
adjudicated,google-veo,credit_to_output_rate_published,instrument_gap,hand,"HAND. Same two fully-read documents as credit_system_present: Surface A publishes exact per-model credit costs, Surface B has no credit system for a rate to attach to. The unresolved entry-tier surface, not vendor silence, is what prevents a single coded value.","Downstream of credit_system_present, now unknown, for the same reason as credit_unit_defined."
adjudicated,google-veo,credit_rate_location,instrument_gap,hand,"HAND. Downstream of credit_system_present, which itself differs by surface: Surface A's Flow-credits help article (support.google.com/flow/answer/16526234) publishes per-model rates, Surface B's Gemini API pricing page has no credit system at all. Both documents were read; the location question cannot be answered without knowing which surface governs.","Downstream of credit_system_present, now unknown, for the same reason as credit_unit_defined."
adjudicated,google-veo,cost_per_output_unit,instrument_gap,hand,"HAND. Surface A (one.google.com/intl/en_us/about/google-ai-plans/) sells discrete fixed-length generations billed in Google Flow credits; Surface B (ai.google.dev/gemini-api/docs/pricing) meters continuously per second. Both documents were read and re-verified live; the two billing structures genuinely differ because entry-tier selection between the two surfaces is unresolved, not because either document is unclear.","Cascades from headline_price_usd, and the two surfaces' own billing structures genuinely differ, not merely their labels: Surface A sells discrete, fixed-length (e.g. 8-second) generations billed in Google Flow credits, which codebook rule 3 correctly does not fit any listed unit (pass 1: ""other"", named as ""per video generation (fixed-length clip), billed in Google Flow credits""). Surface B meters continuously per second, cleanly expressible as per_video_minute (pass 2). Rule 1 ties this to ""the product's OWN pricing page"" framing, which is undetermined. "
adjudicated,google-veo,cost_per_output_computable,instrument_gap,hand,"HAND. Both one.google.com/intl/en_us/about/google-ai-plans/ and ai.google.dev/gemini-api/docs/pricing were read and each publishes a clean, fully computable figure on its own terms ($9.99-or-$4.99 per 200-credit allowance vs. $0.05/sec x 60 = $3.00/minute); the rule's fixed price input, 'the entry paid tier's price,' cannot be identified between two non-equivalent official surfaces.","Rule 1 fixes the price input as ""the entry paid tier's price... selected under sampling-rules 7.2"", which is itself unknown (see headline_price_usd). No single calculation can be performed without first knowing which tier's price and allowance govern -- not because a required figure is unpublished (both candidates publish clean, computable figures on their own terms: pass 1's $9.99or4.99 / 10 generations per 200-credit allowance; pass 2's $0.05/sec x 60 = $3.00/minute), but because there are two, and the instrument does not choose between them. "
adjudicated,google-veo,credit_rollover_policy,instrument_gap,hand,"HAND. support.google.com/flow/answer/16526234 (Surface A) states Flow credits do not roll over; ai.google.dev/gemini-api/docs/pricing (Surface B) has no credit system to roll over at all. Both documents were read; which applies depends on the unresolved entry-tier surface, not on either document being silent.","Downstream of credit_system_present, now unknown rather than a determinate policy value or not_applicable. Surface A alone documents ""Unused monthly Google Flow credits do not roll over to the next month"" (expires_at_period_end); Surface B has no credit system to roll over. Which applies depends on the undetermined entry tier. "
adjudicated,google-veo,failed_generation_charge_policy,instrument_gap,hand,HAND. The clearest case against calling this silence: Surface B documents the construct explicitly ('You are only charged if your video is successfully generated'). Surface A is silent. The vendor DID publish it; we cannot say which publication governs. Coding vendor_silence here would record a documented policy as undocumented.,"Cascades from headline_price_usd. Surface A: documents reviewed in full (Flow credits help article, Flow FAQ) are silent on failed-generation charging -- pass 1 itself coded this unknown on Surface A's own terms. Surface B: explicitly documented ""not_charged"" (""You are only charged if your video is successfully generated"", ai.google.dev/gemini-api/docs/pricing). Since one candidate is silent even on its own terms and the other is explicit, and which candidate governs is undetermined, no single value can be published for the record. "
adjudicated,google-veo,auto_renewal_default,instrument_gap,hand,"HAND. Evidence begins 'Cascades from headline_price_usd' — which terms of service governs depends on which surface is the entry tier, and that is the unresolved question. Both surfaces document renewal behaviour; neither can be selected. Not silence.","Cascades from headline_price_usd (rule 1: the terms of service ranks first, and which ToS governs depends on the surface). Surface A: Google One's ToS states indefinite-term subscriptions charged automatically each billing cycle unless canceled (""on"", pass 1). Surface B: pass 2 itself found this undetermined even on Surface B's own terms -- Google Cloud's ToS describes continuous per-second metered billing with no discrete renewal event, and no document uses renew/continue/auto-renew language for that arrangement (""unknown"", pass 2). Entry tier undetermined, and one candidate's own answer was "
adjudicated,google-veo,auto_renewal_disclosure_location,instrument_gap,hand,"HAND. Downstream of auto_renewal_default, which itself splits by surface: Google One's Terms of Service (Surface A) state automatic renewal, Google Cloud's Terms of Service (Surface B) describe continuous metered billing with no renewal event and no renew/continue language. Both documents were read in full; which one's disclosure-location governs depends on the same unresolved entry-tier surface.","Downstream of auto_renewal_default, now unknown, for the same reason."
adjudicated,google-veo,renewal_notice_commitment,vendor_silence,hand,"HAND. Both candidate surfaces' governing contracts -- Google One's Terms of Service (Surface A) and Google Cloud's Terms of Service (Surface B) -- were read in full independently of the entry-tier dispute; neither commits to advance notice before a renewal or charge event, so this value holds regardless of which surface governs.",Agreed by both passes independent of this adjudication's tier finding: neither Surface A's nor Surface B's documents commit to advance notice before a renewal/charge event. 
adjudicated,google-veo,commercial_use_lowest_tier,vendor_silence,hand,"HAND. Both candidate surfaces' documents were read independently of the entry-tier dispute -- Surface A's Flow watermark/rate-limit FAQ and Surface B's Gemini API Additional Terms of Service; both found only an ownership disclaimer ('Google won't claim ownership over that content'), correctly distinguished as a different construct from a commercial-use permission, and declined to infer permission from it.","Agreed by both passes independent of this adjudication's tier finding: neither surface's documents state a tiered commercial-use grant or restriction for generated content. Both found only an ownership disclaimer (""Google won't claim ownership over that content""), which is a distinct construct from a commercial-use permission (scored separately as E3), and declined to infer permission from it. "
adjudicated,google-veo,usage_cap_quantified,instrument_gap,hand,"HAND. Surface A's Flow-credits documentation supports some_quantified (200 credits/month is numbered, but Gemini text-model access is stated only as a relative '2x' with no baseline); Surface B's ai.google.dev/gemini-api/docs/billing supports all_caps_quantified ($250/month cap, video length, output count, resolution all numbered). Both documents were read; which tier's limits govern is unresolved.","Explicit sampling-rules 5.2 entry-tier variable; cascades from headline_price_usd. Surface A: ""some_quantified"" -- 200 Flow credits/month and storage are quantified, but Gemini text-model access is described only relatively (""2x"" access with no absolute baseline, which fails the section 5.1 test). Surface B: ""all_caps_quantified"" -- $250/month billing-account spend cap, video length (4/6/8 sec), output count (max 4/prompt), and resolution options are all stated with numbers. Which tier's limits govern this record is undetermined. "
adjudicated,google-veo,unquantified_limit_clause,instrument_gap,hand,"HAND. Surface A states the clause verbatim ('we may rate-limit the number of generations you can make... to balance the available resources'), re-verified live. The construct is documented; only which surface's terms govern is unresolved. Cascades from the tier question.","Cascades from headline_price_usd (rule 1: read the terms of service and acceptable-use policy, and which one governs depends on the surface). Surface A: support.google.com/flow/answer/16353333, re-verified live 2026-08-15, states ""we may rate-limit the number of generations you can make... to balance the available resources for all users and prevent abuse of our platform"" -- an unquantified discretionary clause (""present"", pass 1). Surface B: pass 2 read the Gemini API's own Additional Terms of Service in full and found no such clause, only concrete numeric restrictions (""absent"", pass 2). Bot"
adjudicated,gptzero,headline_price_usd,instrument_gap,hand,"HAND (2026-08-17, D-075). WAS access_failure. Retrieval sweep 3 settled it with header-level proof rather than inference: a Common Crawl capture carries cf-ray ...-IAD (Cloudflare Washington-Dulles), so the read was SERVED FROM THE US -- the geographic vantage point this study lacks -- and the document is a pre-hydration shell carrying only $0 placeholders. The figure is therefore absent from the served document from any vantage, not withheld from ours. That is our instrument meeting a runtime-injected price, not a document we could not reach.","AGREED by both passes. The rendered Premium card shows ""TRY 549/ month, billed annually"" — a real, resolved figure, but no USD figure appears anywhere in the capture set (rendered page, raw HTML, both JS bundles, ToS, 7 support articles) or in this adjudicator's fresh live check today. ToS Sec.5 states ""All payments shall be in U.S. dollars"" — a currency clause, not a figure — creating a documentary tension rather than a clean non_usd publication (see conflict_note ""tos_usd_vs_pricing_page_try"", carried forward). unknown_kind=access_failure: the vendor's own ToS clause makes it plausible a USD"
adjudicated,gptzero,first_charge_amount_usd,vendor_silence,pattern,silence signal: \bno document\b,"AGREED by both passes. No document (rendered capture, ToS, 7 support articles) states whether the annual plan is charged as a single 12-month payment or as a recurring 12-month commitment billed some other way — the specific confirmation rule 2 requires before multiplying a monthly figure by 12. Also non-computable in USD, since headline_price_usd = unknown. unknown_kind=vendor_silence: every document that would plausibly state the billing-frequency mechanic is reachable and was read in full, and none of them says it — this reason alone is sufficient and independent of the separate currency/ac"
adjudicated,gptzero,trial_card_required,vendor_silence,pattern,silence signal: \bnever states\b,"AGREED by both passes. ToS Sec.6 states the account ""will be charged according to the user's chosen subscription... at the end of the free trial,"" which implies stored payment details but never states a card is required to START the trial — matching the codebook's own Vendor I worked example exactly. unknown_kind=vendor_silence: the ToS is reachable and was read in full; it simply never makes this specific statement either way. "
adjudicated,gptzero,failed_generation_charge_policy,vendor_silence,pattern,silence signal: \bno document\b,"AGREED by both passes. The product plainly meters generation (a quantified 300,000-words/month allowance and a quantified 30,000-requests/hour rate limit are both documented), so not_applicable does not apply. No document (ToS, rendered capture, 7 support articles including the overage and rate-limit articles) states what happens to the metered allowance when a scan technically fails or errors, as distinct from exceeding the allowance or from completing but disappointing the buyer. unknown_kind=vendor_silence: every plausible document is reachable and was read; none of them makes this statemen"
adjudicated,gptzero,renewal_notice_commitment,vendor_silence,pattern,silence signal: \bno document\b,"AGREED by both passes. The recurring-billing clause states charges happen ""without requiring your prior approval for each recurring charge"" — about not needing pre-charge authorization, narrower than a commitment to advance NOTICE. No document affirmatively commits to advance notice, and none affirmatively denies it either. unknown_kind=vendor_silence: the governing clause is reachable and was read; it simply does not reach the notice question. "
adjudicated,gptzero,output_ownership_statement,vendor_silence,pattern,silence signal: \bnone (?:of the documents )?(?:state|address|mention),"AGREED by both passes, and on the same reasoning: the ownership-specific support article and ToS Sec.9/12 address only the INPUT — the user's own submitted text (""you retain ownership of the submission""; Sec.9's ""Contributions"" is self-disclaimed as inapplicable, ""The Site does not offer users to submit or post content"") — never who holds rights in GPTZero's own GENERATED detection report/score, which is the construct this variable measures. unknown_kind=vendor_silence: every document plausibly on point (the dedicated support article, ToS Sec.9, Sec.12) is reachable and was read in full; none "
adjudicated,humanizemy,free_plan_watermark,vendor_silence,hand,"HAND. The adjudicator states the classification in its own reasoning: codebook §2.2 requires positive documentary evidence for not_applicable, and a vendor's silence is unknown. It resolved the disagreement on exactly that ground.","DISAGREEMENT (pass 1: not_applicable; pass 2: unknown). Adjudicated unknown, applying pass 2's reading. Rule: codebook §2.2 — not_applicable requires positive documentary evidence the construct does not exist; a vendor's silence is unknown, not not_applicable, however plausible the coder's inference. This variable's own decision rule is explicit: 'A silent pricing table is unknown.' 'Watermark' is absent from pricing, terms, refund-policy and homepage (site-wide sweep, both passes) and from a fresh live read 2026-08-16 — but that absence is silence, not a documented statement that free-tier te"
adjudicated,humanizemy,failed_generation_charge_policy,vendor_silence,pattern,silence signal: \b(?:is|are|remain)s? silent\b,"Product has a metered generation step (requests/month), so not_applicable does not apply. Pricing page, Terms of Service (full read), Refund & Cancellation Policy and homepage are silent on whether a failed/errored humanization consumes the allowance."
adjudicated,humanizemy,refund_window_days,vendor_silence,hand,"HAND. The dedicated Refund & Cancellation Policy page was read in full (and used elsewhere in this record to code refund_policy_exists, refund_conditions, and refund_policy_location); its only day-figure, 'respond within 14 days,' was correctly identified as the vendor's response SLA rather than a request deadline, which is never stated.","No day-count window is stated for how long after purchase a refund may be requested; eligibility is condition-triggered (legal requirement / duplicate-or-incorrect charge / documented material service failure), not window-triggered. The only day figure, 'respond within 14 days,' is the vendor's own response SLA to a submitted request, not a request deadline."
adjudicated,humanizemy,commercial_use_lowest_tier,vendor_silence,pattern,silence signal: \bno document\b,"No document (pricing feature grid, Terms of Service, Refund & Cancellation Policy, homepage) contains a commercial-use grant or restriction clause for outputs. Terms §5 restricts only reselling/redistributing Service output 'as a competing service without written permission' — a distinct construct from ordinary commercial use of the humanized text, which is not addressed anywhere. Re-verified by a full read of the Terms; not inferred from output_ownership_statement, which the codebook treats as a separate construct."
adjudicated,humanizemy,watermark_removal_tier,vendor_silence,pattern,silence signal: \bnot (?:specified|documented|disclosed|defined)\b,"DISAGREEMENT (pass 1: not_applicable; pass 2: unknown). Adjudicated unknown, same rule as free_plan_watermark. This variable's own not_applicable clause is narrower than pass 1's reading: 'the principal output is not a media artifact a watermark could mark, for example a detection score or an analysis table.' A rewritten essay a buyer takes away and reuses is not analogous to a bare score or table — it is the deliverable itself, and not documented as incapable of carrying a mark. Silence is unknown, per §2.2."
adjudicated,ismybrandinai,free_plan_cap_documented,vendor_silence,pattern,silence signal: \bno document\b,"No document anywhere states a usage limit (quantified or unquantified) on how many checks may be run, nor an explicit 'unlimited' claim. The no-account, client-side design makes a cap technically improbable, but that is an inference, not a documented statement. Agreed by both passes."
adjudicated,ismybrandinai,free_plan_cap_value,vendor_silence,hand,"HAND. Genuine silence rather than the documented-but-unquantified instrument gap. Its neighbour free_plan_cap_documented is itself unknown on the ground that 'no document anywhere states a usage limit (quantified OR unquantified), nor an explicit unlimited claim' — so there is no qualitative statement for the format to fail to hold. The adjudicator also declined to infer a cap from the no-account client-side design, correctly treating that as inference rather than documentation. Both passes agree.",No quantified limit is published; matches free_plan_cap_documented=unknown. Agreed by both passes.
adjudicated,ismybrandinai,commercial_use_lowest_tier,vendor_silence,hand,"HAND. The adjudicator named the kind in its own evidence: 'unknown (vendor silence)'. It had reversed pass 2's not_applicable, which applied the principal-output-scoped worked example of a different variable to a whole-product test, then found the vendor's own Terms name a generator among its free tools — so artifacts exist and no document addresses commercial use of them. Documents read in full and reachable.","ADJUDICATED per codebook Domain 11: not_applicable requires 'the product produces no output a commercial-use right could attach to' -- a whole-product test, not the principal-output test E2 alone carries. Terms: 'tools like the llms.txt generator ... you're responsible for reviewing anything you generate before you publish or rely on it'; /tools also lists an AI Prompt Generator. Both generate artifacts a user may publish, so not_applicable fails; no document addresses commercial use of them. unknown (vendor silence). Was: pass1 unknown, pass2 not_applicable (E2's principal-output test misappl"
adjudicated,ismybrandinai,output_ownership_statement,vendor_silence,hand,"HAND. Named by the adjudicator: 'unknown (vendor silence)'. The vendor's IP clause covers site content only and never reaches tool output. Same reversal of pass 2's not_applicable, same whole-product versus principal-output distinction.","ADJUDICATED per codebook Domain 11: not_applicable requires 'the product generates no artifact at all,' the same whole-product test as commercial_use_lowest_tier, not E2's principal-output-only test. Terms name 'the llms.txt generator' among free tools and say users must review 'anything you generate before you publish'; /tools also lists an AI Prompt Generator. The product does generate artifacts, so not_applicable fails; the IP clause ('content on this site is ours') covers site content only, never tool output. unknown (vendor silence). Was: pass1 unknown, pass2 not_applicable."
adjudicated,jobscan,headline_billing_basis,instrument_gap,hand,"HAND. The plan page was read and both passes agree verbatim on the underlying fact, 'Billed as $89.95 every 3 months.' None of the five enumerated headline_billing_basis values (annually, monthly, per-seat, one-time, usage-based) names a quarterly cadence; this is adjudication item A-011, independently reproduced by two blind coders on two different products, and is this study's own named example of an instrument gap in this exact variable.","ADJUDICATED. Pass 1: per_month_billed_annually. Pass 2: unknown. Both passes read the SAME fact identically: ""Billed as $89.95 every 3 months"" -- a quarterly prepayment cadence. The decision rule's only value-producing steps are ""where a per-seat figure and a per-month figure are both stated, code per_seat_per_month"" (does not apply -- no per-seat framing) and, failing that, checking whether the qualifier is ABSENT and falling to unknown if so. Neither literally covers this case: the qualifier is not absent, it is present and unambiguous, and it names a cadence (quarterly) that none of the fiv"
adjudicated,jobscan,annual_default_toggle,instrument_gap,hand,"HAND. The plan page (app.jobscan.co/plan) was read and re-verified live; it renders three simultaneous, permanent cards (Free/Quarterly/Monthly) with no interactive toggle and no annual option. no_toggle's own value-table meaning ('the page offers ONE billing period only') does not fit two simultaneous recurring paid periods, and not_applicable's criterion ('billing does not recur') does not fit either since billing does recur -- the record's own coder_note names this an instrument/enum coverage gap, not vendor silence.","ADJUDICATED. Pass 1: no_toggle. Pass 2: unknown. Both passes agree on every underlying fact: no interactive toggle exists; three cards (Free/Quarterly/Monthly) render simultaneously and permanently; no annual option exists; the Quarterly card carries a ""Most popular"" ribbon/highlighted pill. The dispute is purely which enum value that state maps to, and neither fits cleanly. This variable's decision rule contains exactly one value-producing step -- step 2, ""where the page offers annual AND monthly options, record which is active on load"" -- which does not fire here (no annual option). The rule"
adjudicated,jobscan,free_plan_watermark,vendor_silence,hand,"HAND. The record says so explicitly and both passes agree: 'Genuine vendor silence, not an access limitation' — both documents this variable could rest on were read.","Silent on the plan page, the dedicated resume-builder page, and (per pass 2's wider sweep) the full Jobscan Support Center. Both passes agree. Genuine vendor silence, not an access limitation -- both documents this variable could rest on were fully read by both passes."
adjudicated,jobscan,credit_rollover_policy,vendor_silence,pattern,silence signal: \bnever states\b,"States the monthly free-credit top-up size (""topped up to 2 credits each month"") but never states whether unused free or purchased credits carry over or expire. Both passes agree; genuine silence, not an access limitation."
adjudicated,jobscan,failed_generation_charge_policy,vendor_silence,pattern,silence signal: \bno document\b,"No document -- the full ToS (read by pass 1 and, independently, by this adjudicator), cancellation-policy, plan page, auto-apply page, or support center (pass 2's sweep) -- states what happens to a free-tier scan or an Auto Apply credit if the underlying action fails or errors. Both passes agree; genuine silence, confirmed by a completed full read, not an access limitation."
adjudicated,jobscan,renewal_notice_commitment,instrument_gap,hand,"HAND. ToS Section 6 'Fee Changes' was read in full (independently re-verified live by the adjudicator) and commits to notice only for PRICE changes 'in accordance with applicable law,' never for an ordinary same-price renewal; the cancellation-policy page was also read and is silent. This record's own coder_note calls the result 'genuine vendor silence,' but the underlying shape -- a documented, event-conditional notice commitment scoped to a different trigger than routine renewal -- is the study's own named event-conditional-notice gap, reclassified here on that basis.","ToS §6 ""Fee Changes"" commits only to notice of PRICE changes (""in accordance with applicable law""), never to advance notice of a routine renewal charge at the existing price; the cancellation-policy page is likewise silent on advance notice. Both passes agree; this adjudicator's own full ToS read confirms the silence directly (rather than relying on either coder's account of it, per this study's standing caution about clause-type unknowns). Genuine silence, not an access limitation."
adjudicated,jobscan,commercial_use_lowest_tier,vendor_silence,pattern,silence signal: \bno (?:such )?(?:clause|commitment|figure|mention)\b,"ToS §2 grants a limited license to JOBSCAN'S OWN content/software for personal, non-commercial use; §7 bars using the Services for competing or revenue-generating endeavors. Neither addresses commercial use of the AI-GENERATED OUTPUTS (optimized resume text, cover letters) the product produces for the buyer -- a different construct, no clause found addressing it. Both passes agree on the VALUE. Pass 2 could not read the ToS in English at all (D-018) and reached unknown on an incomplete document set; pass 1 read the full ToS and reached the same value on genuine silence. This adjudicator indepe"
adjudicated,jobscan,watermark_removal_tier,vendor_silence,pattern,silence signal: \bno document\b,"No document -- plan page, resume-builder page, or (pass 2's sweep) the support center -- states that any tier's outputs do or do not carry a watermark or Jobscan branding. Both passes agree on the VALUE for the same reason as commercial_use_lowest_tier: pass 2's own ToS access failure (D-018) did not prevent this determination, since the ToS was never the plausible source for this variable in the first place (both passes correctly sourced it from product-facing pages, not the ToS) and this adjudicator's own check of all four candidate documents, including a full ToS read, confirms the silence "
adjudicated,jobscan,output_ownership_statement,vendor_silence,pattern,silence signal: \bno (?:such )?(?:clause|commitment|figure|mention)\b,"ToS §8-9 address content a user posts PUBLICLY to Jobscan (forums/comments) -- ""We do not assert any ownership over your Contributions. You retain full ownership..."" -- the OPPOSITE direction from ownership of outputs Jobscan GENERATES FOR the user. The SaaS Agreement's ""Customer Content"" clause (both passes read it) covers a separate enterprise track and plausibly means uploaded/input content, not AI-generated output either. No clause addresses the actual construct. Both passes agree on the VALUE. As with the two variables above, pass 2's D-018 access barrier did not determine this published "
adjudicated,krea-ai,free_plan_watermark,vendor_silence,pattern,silence signal: \bzero occurrences?\b,"Agreed both passes. 'watermark' has zero occurrences anywhere in the rendered page, full Terms text, or ~170-page documentation index."
adjudicated,krea-ai,watermark_removal_tier,vendor_silence,pattern,silence signal: \bdoes not appear\b,Agreed both passes. 'watermark' does not appear anywhere in the pricing page or the docs pages read.
adjudicated,nicepage,trial_card_required,vendor_silence,pattern,silence signal: \bno document\b,"AGREED. No document states whether payment details are required to start the account-creation-triggered trial; the trial doc states only that the trial 'starts right after the registration'. Not inferred, per codebook rule."
adjudicated,nicepage,renewal_notice_commitment,vendor_silence,pattern,silence signal: \bno document\b,AGREED. No document commits to notifying the buyer before a renewal charge.
adjudicated,nicepage,output_ownership_statement,vendor_silence,pattern,silence signal: \bneither states\b,"AGREED. Both documents, read in full by both passes and re-read by this adjudicator, address ownership/use of NICEPAGE's own Content/Work (templates, site materials, images); neither states who owns a buyer's generated/published website."
adjudicated,openai-sora,headline_price_usd,instrument_gap,pattern,format/construct signal: \bno determinate\b,"UNCHANGED from pass1, kind revised to unknown_kind=vendor_silence per the settled unknown-attribution.csv reclassification (POST-WINDOW RETRIEVAL 2026-08-17): the Sora - Billing FAQ was recovered and read in full and contains zero '$' characters; independently re-verified by this adjudicator across ALL ten now-recovered Sora/Sora-app documents (in scope and out of scope alike) plus the ChatGPT credits article, zero '$' in every one. No document, at any point in Sora's documentary history, publishes a dollar figure. Codebook §2.1 step 2/4: no determinate value stated anywhere; unknown_kind=vend"
adjudicated,openai-sora,headline_billing_basis,vendor_silence,pattern,silence signal: \bneither states\b,"REVISED reasoning; value unchanged. Sweep 1/2 read this as 'addresses' on the Sora-1-Web Billing FAQ's 'Subscriptions for ChatGPT plans are charged on a calendar monthly basis' line. That document is OUT OF SCOPE for the coded product (see coder_note, Question 2): it expressly states it 'does not apply to the Sora app or Sora 2 on web'. No in-scope document (Creating videos with Sora; Getting started with the Sora app; the ChatGPT credits article, which explicitly is NOT calendar-monthly -- 'valid for 12 months from purchase') states a Sora-specific billing cadence, and headline_price_usd itse"
adjudicated,openai-sora,first_charge_amount_usd,vendor_silence,hand,"HAND (2026-08-17, D-077). Declared vendor_silence by the adjudicator and left for a human because the classifier never auto-assigns that category. Accepted on a STATED basis rather than individually re-read, and the basis is said plainly: the adjudicator documents reading all ten recovered Sora documents in full, in-scope and out-of-scope alike, and this orchestrator independently verified that record's load-bearing fact -- the vendor's own scope disclaimer, 'only applies to Sora 1 on Web ... does not apply to the Sora app or Sora 2 on web' -- verbatim in two saved captures. Three separate retrieval sweeps have read this same document set. AND this product is discontinued and excluded from the index under rule D8, so no published figure depends on these attributions. That is the honest reason a shared basis is acceptable here and would not be on a scoring row.","UNCHANGED. unknown_kind=vendor_silence (settled by the post-window sweeps): the recovered Billing FAQ and every other recovered Sora document state no first-charge figure of any kind; zero '$' anywhere, independently reconfirmed by this adjudicator. Not datable to the window; discontinued-stratum coding."
adjudicated,openai-sora,annual_condition_disclosure,vendor_silence,hand,"HAND (2026-08-17, D-077). Declared vendor_silence by the adjudicator and left for a human because the classifier never auto-assigns that category. Accepted on a STATED basis rather than individually re-read, and the basis is said plainly: the adjudicator documents reading all ten recovered Sora documents in full, in-scope and out-of-scope alike, and this orchestrator independently verified that record's load-bearing fact -- the vendor's own scope disclaimer, 'only applies to Sora 1 on Web ... does not apply to the Sora app or Sora 2 on web' -- verbatim in two saved captures. Three separate retrieval sweeps have read this same document set. AND this product is discontinued and excluded from the index under rule D8, so no published figure depends on these attributions. That is the honest reason a shared basis is acceptable here and would not be on a scoring row.","UNCHANGED. unknown_kind=vendor_silence: no headline figure exists to attach a condition to, and the word 'annual' occurs zero times across all ten recovered documents (in scope and out of scope), independently reconfirmed. Not datable to the window; discontinued-stratum coding."
adjudicated,openai-sora,annual_default_toggle,vendor_silence,hand,"HAND (2026-08-17, D-077). Declared vendor_silence by the adjudicator and left for a human because the classifier never auto-assigns that category. Accepted on a STATED basis rather than individually re-read, and the basis is said plainly: the adjudicator documents reading all ten recovered Sora documents in full, in-scope and out-of-scope alike, and this orchestrator independently verified that record's load-bearing fact -- the vendor's own scope disclaimer, 'only applies to Sora 1 on Web ... does not apply to the Sora app or Sora 2 on web' -- verbatim in two saved captures. Three separate retrieval sweeps have read this same document set. AND this product is discontinued and excluded from the index under rule D8, so no published figure depends on these attributions. That is the honest reason a shared basis is acceptable here and would not be on a scoring row.","SETTLED TODAY BY D-075, NOT REVISITED BY THIS ADJUDICATION per the assigning brief. unknown_kind=vendor_silence: sweep 3 read all ten recovered documents; 'annual' and 'yearly' occur zero times across the set. Carried forward unchanged."
adjudicated,openai-sora,free_plan_exists,vendor_silence,hand,"HAND (2026-08-17, D-077). Declared vendor_silence by the adjudicator and left for a human because the classifier never auto-assigns that category. Accepted on a STATED basis rather than individually re-read, and the basis is said plainly: the adjudicator documents reading all ten recovered Sora documents in full, in-scope and out-of-scope alike, and this orchestrator independently verified that record's load-bearing fact -- the vendor's own scope disclaimer, 'only applies to Sora 1 on Web ... does not apply to the Sora app or Sora 2 on web' -- verbatim in two saved captures. Three separate retrieval sweeps have read this same document set. AND this product is discontinued and excluded from the index under rule D8, so no published figure depends on these attributions. That is the honest reason a shared basis is acceptable here and would not be on a scoring row.","REVISED reasoning (Question 2), value unchanged. Sweep 2 coded this 'addresses, no free plan' from the Sora-1-Web Billing FAQ's 'Currently ChatGPT Free ... not eligible for Sora access'. That document is OUT OF SCOPE for the coded product (see coder_note). The IN-SCOPE documents (credits article; Creating videos with Sora; Getting started with the Sora app), read in full 2026-08-17, never use the words 'free plan' or 'free tier' (zero hits across all ten documents, in scope and out), never state that a ChatGPT Free account is excluded from Sora, and never state what a Free account's baseline i"
adjudicated,openai-sora,free_plan_cap_documented,vendor_silence,pattern,silence signal: \bno document\b,"Cascades from free_plan_exists=unknown (one of the six sweep 3 held; stays unknown). Independently, 'free plan'/'free tier' occur zero times across all ten recovered documents -- no document quantifies a free-tier limit even setting the antecedent question aside. unknown_kind=vendor_silence. Not datable to the window; discontinued-stratum coding."
adjudicated,openai-sora,free_plan_cap_value,vendor_silence,hand,"HAND (2026-08-17, D-077). Declared vendor_silence by the adjudicator and left for a human because the classifier never auto-assigns that category. Accepted on a STATED basis rather than individually re-read, and the basis is said plainly: the adjudicator documents reading all ten recovered Sora documents in full, in-scope and out-of-scope alike, and this orchestrator independently verified that record's load-bearing fact -- the vendor's own scope disclaimer, 'only applies to Sora 1 on Web ... does not apply to the Sora app or Sora 2 on web' -- verbatim in two saved captures. Three separate retrieval sweeps have read this same document set. AND this product is discontinued and excluded from the index under rule D8, so no published figure depends on these attributions. That is the honest reason a shared basis is acceptable here and would not be on a scoring row.",Cascades from free_plan_cap_documented=unknown (one of the six sweep 3 held; stays unknown). No quantified free-plan limit is stated in any recovered document. unknown_kind=vendor_silence. Not datable to the window; discontinued-stratum coding.
adjudicated,openai-sora,free_plan_duration,vendor_silence,hand,"HAND (2026-08-17, D-077). Declared vendor_silence by the adjudicator and left for a human because the classifier never auto-assigns that category. Accepted on a STATED basis rather than individually re-read, and the basis is said plainly: the adjudicator documents reading all ten recovered Sora documents in full, in-scope and out-of-scope alike, and this orchestrator independently verified that record's load-bearing fact -- the vendor's own scope disclaimer, 'only applies to Sora 1 on Web ... does not apply to the Sora app or Sora 2 on web' -- verbatim in two saved captures. Three separate retrieval sweeps have read this same document set. AND this product is discontinued and excluded from the index under rule D8, so no published figure depends on these attributions. That is the honest reason a shared basis is acceptable here and would not be on a scoring row.","Cascades from free_plan_exists=unknown (one of the six sweep 3 held; stays unknown). Unlike free_plan_watermark, no in-scope document states a duration/expiry rule that would apply regardless of whether a free tier exists -- duration is intrinsically a question about a specific plan's own terms, so there is no rescue path here. unknown_kind=vendor_silence. Not datable to the window; discontinued-stratum coding."
adjudicated,openai-sora,trial_exists,vendor_silence,hand,"HAND (2026-08-17, D-077). Declared vendor_silence by the adjudicator and left for a human because the classifier never auto-assigns that category. Accepted on a STATED basis rather than individually re-read, and the basis is said plainly: the adjudicator documents reading all ten recovered Sora documents in full, in-scope and out-of-scope alike, and this orchestrator independently verified that record's load-bearing fact -- the vendor's own scope disclaimer, 'only applies to Sora 1 on Web ... does not apply to the Sora app or Sora 2 on web' -- verbatim in two saved captures. Three separate retrieval sweeps have read this same document set. AND this product is discontinued and excluded from the index under rule D8, so no published figure depends on these attributions. That is the honest reason a shared basis is acceptable here and would not be on a scoring row.","UNCHANGED. unknown_kind=vendor_silence (settled by sweeps): 'trial' occurs zero times across all ten recovered documents, in scope and out of scope alike, independently reconfirmed by this adjudicator. Not datable to the window; discontinued-stratum coding."
adjudicated,openai-sora,trial_card_required,vendor_silence,hand,"HAND (2026-08-17, D-077). Declared vendor_silence by the adjudicator and left for a human because the classifier never auto-assigns that category. Accepted on a STATED basis rather than individually re-read, and the basis is said plainly: the adjudicator documents reading all ten recovered Sora documents in full, in-scope and out-of-scope alike, and this orchestrator independently verified that record's load-bearing fact -- the vendor's own scope disclaimer, 'only applies to Sora 1 on Web ... does not apply to the Sora app or Sora 2 on web' -- verbatim in two saved captures. Three separate retrieval sweeps have read this same document set. AND this product is discontinued and excluded from the index under rule D8, so no published figure depends on these attributions. That is the honest reason a shared basis is acceptable here and would not be on a scoring row.",UNCHANGED. Cascades from trial_exists=unknown. unknown_kind=vendor_silence. Not datable to the window; discontinued-stratum coding.
adjudicated,openai-sora,trial_length_days,vendor_silence,hand,"HAND (2026-08-17, D-077). Declared vendor_silence by the adjudicator and left for a human because the classifier never auto-assigns that category. Accepted on a STATED basis rather than individually re-read, and the basis is said plainly: the adjudicator documents reading all ten recovered Sora documents in full, in-scope and out-of-scope alike, and this orchestrator independently verified that record's load-bearing fact -- the vendor's own scope disclaimer, 'only applies to Sora 1 on Web ... does not apply to the Sora app or Sora 2 on web' -- verbatim in two saved captures. Three separate retrieval sweeps have read this same document set. AND this product is discontinued and excluded from the index under rule D8, so no published figure depends on these attributions. That is the honest reason a shared basis is acceptable here and would not be on a scoring row.",UNCHANGED. Cascades from trial_exists=unknown. unknown_kind=vendor_silence. Not datable to the window; discontinued-stratum coding.
adjudicated,openai-sora,trial_auto_converts,vendor_silence,hand,"HAND (2026-08-17, D-077). Declared vendor_silence by the adjudicator and left for a human because the classifier never auto-assigns that category. Accepted on a STATED basis rather than individually re-read, and the basis is said plainly: the adjudicator documents reading all ten recovered Sora documents in full, in-scope and out-of-scope alike, and this orchestrator independently verified that record's load-bearing fact -- the vendor's own scope disclaimer, 'only applies to Sora 1 on Web ... does not apply to the Sora app or Sora 2 on web' -- verbatim in two saved captures. Three separate retrieval sweeps have read this same document set. AND this product is discontinued and excluded from the index under rule D8, so no published figure depends on these attributions. That is the honest reason a shared basis is acceptable here and would not be on a scoring row.",UNCHANGED. Cascades from trial_exists=unknown. unknown_kind=vendor_silence. Not datable to the window; discontinued-stratum coding.
adjudicated,openai-sora,failed_generation_charge_policy,vendor_silence,hand,"HAND (2026-08-17, D-075). WAS access_failure, and D-051 deliberately HELD this value pending a fail/error scan of the recovered Billing FAQ. Sweep 3 ran that scan on BOTH captures: zero hits for 'fail', 'unsuccessful' and 'deduct'; the only 'error' hits are an account-deletion FAQ. The condition the hold was waiting on is met and the hold is released. The document was reachable and read; it does not address the construct.","SETTLED TODAY BY D-075, NOT REVISITED BY THIS ADJUDICATION per the assigning brief. unknown_kind=vendor_silence: the fail/error scan D-051 held this on was run on both Billing FAQ captures -- zero hits for 'fail', 'unsuccessful', 'deduct'; both 'error' hits are an unrelated account-deletion FAQ. Independently reconfirmed by this adjudicator across all seven newly-fetched documents as well (zero 'fail'/'deduct'/'unsuccessful' in every one). Carried forward unchanged."
adjudicated,openai-sora,commercial_use_lowest_tier,vendor_silence,pattern,silence signal: \b(?:is|are|remain)s? silent\b,"REVISED reasoning, value unchanged. Sweep 2 based 'construct absent' on the OUT-OF-SCOPE Billing FAQ's 'Understanding Unlimited Usage' / 'Reselling access' clause; that clause occurs ONLY in the two Sora-1-Web-scoped documents (Billing FAQ, Generating videos on Sora) and zero times in the three in-scope documents this adjudicator fetched (Creating videos with Sora, Getting started with the Sora app, credits article) -- verified by direct term search. Independent of scope, that clause restricts reselling of ACCESS, not commercial use of OUTPUTS, so it would not have settled this variable even i"
adjudicated,pika,failed_generation_charge_policy,vendor_silence,pattern,silence signal: \bno document\b,"AGREED -- VENDOR SILENCE. No document (pricing page, FAQ including its empty Tech Issues section, ToS, AUP) states what happens to credits when a generation fails, errors, or produces nothing usable. Both passes read the same set of documents to completion; this is silence confirmed by a completed read, not a location failure."
adjudicated,recraft,free_plan_watermark,vendor_silence,hand,"HAND. No watermark or branding statement for free-tier outputs in the pricing page, free-plan docs or terms, in either pass's reading. Both passes agree.","No watermark/branding statement for free-tier outputs specifically in the pricing page, free- plan docs, or terms, in either pass's reading. Both passes agree."
adjudicated,recraft,watermark_removal_tier,vendor_silence,pattern,silence signal: \bno document\b,"No document either pass read (pricing page, free-plan docs, terms, commercial-use FAQ) states a tier-differentiated watermark position; ToS Section 8.2 describes a general capability to embed watermarks/metadata, not a per-tier rule. Both passes agree."
adjudicated,sapling,renewal_notice_commitment,vendor_silence,pattern,silence signal: \bnone (?:of the documents )?(?:state|address|mention),"DISPUTED, RESOLVED. Pass 1: unknown. Pass 2: no_notice_stated. Both passes' own evidence agrees on the underlying document: the ~31.8k-character ToS, read to the end by both, states a conditional FEE-CHANGE notice (""Sapling may change the fees for any feature of the Service... if Sapling gives you advance notice of changes before they apply"") and a 30-day TERMS-CHANGE notice (""Any changes to these Terms will be effective upon the earlier of thirty (30) calendar days following our dispatch of an e-mail notice...""), and states neither a commitment to, nor a denial of, notice before an ordinary R"
adjudicated,squarespace,trial_auto_converts,vendor_silence,pattern,silence signal: \bno document\b,"DISPUTED. pass1=no (inferred from 'no card required' -> no stored payment method -> no possible auto-charge), for-cause=unknown. Resolved to unknown, unknown_kind=vendor_silence. Pass 1's inference is the exact mirror of the codebook's OWN worked example for the sibling variable trial_card_required (Vendor I: a stated auto-conversion does not by itself establish a card requirement, because 'implication is not a statement'). The same principle bars the reverse move here: 'no card required to START the trial' does not itself state what happens if the buyer takes no action at trial end (simply la"
adjudicated,squarespace,credit_rollover_policy,instrument_gap,hand,"HAND (2026-08-17, D-072). The adjudicator declared instrument_gap and the new declared-vs-derived check flagged it as declared-but-unsignalled, which is the classifier working as designed: it derives a kind from reasoning and never takes a coder's label at face value. Basis confirmed here by reading the cited help-centre text rather than the label. The vendor is NOT silent - it states at length that the entry tier receives only a one-time grant of 10 starter credits that do not renew, and the comparison table independently marks that row one-time against the other three plans' per-month allotments. The gap is ours: all three codebook values (rolls_over, partial_rollover, expires_at_period_end) presuppose a RECURRING allowance, and none describes what becomes of an unused remainder of a one-time grant. instrument_gap, not vendor_silence, because a vendor that documents the arrangement fully cannot be silent about it - our value list simply has no slot for the arrangement it documents. Wave-2 codebook item.","DISPUTED. pass1=unknown, for-cause=expires_at_period_end. Resolved to unknown, unknown_kind=instrument_gap. Verbatim: 'All Squarespace sites include 10 starter AI credits that don't renew after use. The Basic plan only includes 10 starter AI credits that don't renew monthly. The Core, Plus, and Advanced plans include the 10 starter credits that don't renew, plus the amount listed on the pricing page. These AI credits don't roll over, but they reset every month on the same day as your billing cycle.' The page DOES display this text to a reader (plain rendered help-center HTML, no hydration gate"
adjudicated,squarespace,failed_generation_charge_policy,vendor_silence,pattern,silence signal: \bwithout addressing\b,AGREED both passes. unknown_kind=vendor_silence. Neither the AI-credits article nor the Using-Squarespace-AI article states whether a failed/errored generation consumes a credit; both documents are read in full and are extensively on-topic without addressing this specific question.
adjudicated,squarespace,watermark_removal_tier,vendor_silence,pattern,silence signal: \bno document\b,"AGREED both passes. unknown_kind=vendor_silence. AUP 1.9 mentions 'watermarks' only inside a generic anti-circumvention clause ('Don't... circumvent any technological or other measure (including watermarks) used by Squarespace...'), independently re-verified via a live-page re-read returning byte-identical clause text; not a tier-differentiated output-branding statement. No document (ToS, AI Terms, pricing page, AI help articles) states a watermark policy for any tier."
adjudicated,teal,headline_billing_basis,instrument_gap,pattern,format/construct signal: \binstrument gap\b,"Vendor publishes a fixed 90-calendar-day recurring cycle (""Every 90 days"") for the entry tier. None of the codebook's five allowed values (per_month_billed_annually, per_month_billed_monthly, per_seat_per_month, one_time, usage_based) names a 90-day recurring cycle; not one_time because tealhq.com/terms Sec. 5 states subscriptions auto-renew. This is INSTRUMENT GAP A-011, not vendor silence -- the cadence and its price are published in full. Other records carry the same gap (at least canva, jobscan, resume-io per the adjudication queue); two independent blind pass-2 coders (jobscan and teal) h"
adjudicated,teal,free_plan_watermark,vendor_silence,pattern,silence signal: \bnone (?:of the documents )?(?:state|address|mention),"The pricing page's full feature-comparison table, the ToS, and every help-center article read by either pass or this adjudicator (trial-FAQ, Teal-vs-Teal+, cancellation-policy, Using AI: Bullets, Using AI: Professional Summary) were read in full; none mentions watermarking or branding on exports in either direction. Silent, not documented absent -- a PDF resume export is not structurally incapable of carrying a watermark, so not_applicable does not apply. Not disputed."
adjudicated,teal,credit_rollover_policy,vendor_silence,pattern,silence signal: \bno document\b,"Free-plan AI credits are described as ""non-renewable,"" but no document states whether an unused credit balance expires, carries forward, or simply persists until used, and the free plan has no recurring billing-period boundary for a rollover concept to attach to (unlike a paid subscription cycle). Not disputed; both passes flagged this as a judgment call (documented silence on a shape the codebook does not anticipate) and reached the same unknown."
adjudicated,teal,failed_generation_charge_policy,vendor_silence,pattern,silence signal: \bno document\b,"No document (pricing page, ToS, trial-FAQ, Using AI: Bullets, Using AI: Professional Summary) states whether a failed/errored generation or a ""Regenerate"" click consumes a credit. Not disputed."
adjudicated,teal,commercial_use_lowest_tier,vendor_silence,pattern,silence signal: \bno document\b,"No document states a tiered commercial-use grant for generated resumes/cover letters. Closest related text is the SERVICE-level license in ToS Sec. 1 (""the Service is solely for your personal use and not for resale""), about licensing of the Service itself, not the OUTPUT content -- both passes judged this non-dispositive and did not code from it. Not disputed."
adjudicated,teal,watermark_removal_tier,vendor_silence,pattern,silence signal: \bno document\b,"No document mentions a watermark on any tier's exported resume/cover letter, positively or negatively. Not disputed."
adjudicated,udio,free_plan_watermark,vendor_silence,pattern,silence signal: \bno document\b,"AGREED. No document (pricing page, ToS, help center) states that free-plan audio output carries an embedded watermark or vendor mark. ToS 6.4's non-subscriber self-attribution requirement (crediting Udio in track metadata when publicly sharing) is a contractual duty on the user's future conduct, not a mark applied to the output file, so it is not treated as satisfying the construct (both passes agree on this distinction)."
adjudicated,udio,trial_card_required,vendor_silence,pattern,silence signal: \bno document\b,"AGREED. No document states a card IS or IS NOT required to START the trial. ToS 3.5 and the trial article both state a stored card will be CHARGED automatically at conversion, which implies but does not state a start-of-trial card requirement; the frozen rule bars that inference (matches the codebook's own Vendor I worked example)."
adjudicated,udio,failed_generation_charge_policy,vendor_silence,pattern,silence signal: \bno document\b,"AGREED. No document (ToS, pricing page, help-center articles including the bug-report article, which names 'Backend error'/'Generation error' as a recognized failure mode but never states whether it consumes credits) addresses whether a technically-failed or empty generation consumes a credit."
adjudicated,udio,renewal_notice_commitment,instrument_gap,hand,"AUDIT. ""ToS 3.2's 'reasonable notice' promise is scoped to price/plan CHANGES, not each renewal"" - notice IS promised, on a different trigger. Same event-conditional-notice gap the study hand-assigns to adjudicated/colossyan and adjudicated/jobscan; both adjudicated rows of this shape that the study reviewed by hand became instrument_gap.","AGREED. No document commits to notifying the buyer in advance of an ordinary recurring renewal charge. ToS 3.2's 'reasonable notice' promise is scoped to price/plan CHANGES, not each renewal; ToS 3.5's notice language is scoped to the one-time trial-to-paid conversion (domain 4), not ongoing renewals."
adjudicated,udio,watermark_removal_tier,vendor_silence,pattern,silence signal: \bno document\b,"AGREED. Same construct question as free_plan_watermark: no document states that any tier's audio output carries or lacks an embedded watermark/vendor mark. ToS 6.4's paid-subscriber attribution exemption is a crediting-duty waiver, not a statement about a mark on the output file."
adjudicated,undetectable-ai,free_plan_cap_value,instrument_gap,hand,"HAND. /ai-humanizer was read and confirms the free/'Basic' version's only documented restriction is qualitative ('uses a basic model and may be flagged by detectors'), never attaching a number; this variable's own Format rule permits only a formatted quantity/unit/period figure or the literal tokens unknown/not_applicable/conflicting, with no slot for a documented-but-unquantified limit -- the same instrument gap this study's adobe-firefly and anomaly-ai adjudicated records name explicitly and resolve the same way.","ADJUDICATED, follows from free_plan_cap_documented=none_quantified. Pass 1: not_applicable (no free plan, now superseded). Pass 2: unknown. No quantified limit is attributable to the free plan, so there is nothing to record in this field's quantity/unit/period format. ""unknown"" also matches this study's dominant convention elsewhere for a none_quantified free plan (e.g. adobe-firefly, aragon-ai, invideo-ai, pixlr pass-1 records)."
adjudicated,undetectable-ai,free_plan_watermark,vendor_silence,pattern,silence signal: \bno document\b,"ADJUDICATED, follows from free_plan_exists=yes. Pass 1: not_applicable (no free plan, now superseded). Pass 2: unknown. This adjudicator checked /ai-humanizer, /pricing, and /help live 2026-08-16; no document states whether free/Basic-tier output carries vendor branding or a watermark. Silence, not documented absence, so unknown rather than not_applicable or ""no""."
adjudicated,undetectable-ai,trial_length_days,instrument_gap,hand,"AUDIT. ""The pricing page's persistent footnote states a USAGE cap only ('Free Trial is limited to 250 words'), no day-count ... a day-based figure in a different, non-comparable unit"" - a trial whose sole published limit is denominated in words against a variable that can hold only days. Both hand siblings on this identical product+variable (pass1 and pass2 undetectable-ai/trial_length_days) are instrument_gap; only this published adjudicated row was left to the pattern.","Not disputed (both passes coded unknown), evidence merged for completeness. The pricing page's persistent footnote states a USAGE cap only (""Free Trial is limited to 250 words""), no day-count. Pass 1 additionally found a separate on-load interstitial popup claiming ""Sign up for a FREE 3-day trial!"" -- a day-based figure in a different, non-comparable unit, uncorroborated by the FAQ, Terms, Help, or /ai-humanizer. A word-cap and a day-count are not the same-unit conflict the `conflicting` rule contemplates, so unknown is correct with both published figures disclosed here rather than either bein"
adjudicated,undetectable-ai,failed_generation_charge_policy,vendor_silence,pattern,silence signal: \bneither states\b,"Terms and Help both read in full by both passes; neither states whether a technically failed or empty humanization attempt consumes the word allowance. The refund clause covers post-hoc AI-detector flagging of a delivered output, not a processing failure. Both passes agree."
adjudicated,undetectable-ai,commercial_use_lowest_tier,vendor_silence,hand,"HAND. The Terms of Service were read in full (its IP section addresses only the site's own Content/Marks); the /ethics page, an adjacent official document, was also read and correctly identified as an ethical-use policy rather than a legal rights grant, distinct from a commercial-use clause for humanized output, which neither document states.","Terms' IP section addresses only the site's own Content/Marks (""personal, non-commercial use... of the Services""), not the user's humanized output; no feature-grid ""commercial use"" row exists for the entry tier, and the /ethics page (pass 2) states an ethical-use policy, not a legal rights grant. Both passes agree."
adjudicated,undetectable-ai,watermark_removal_tier,vendor_silence,pattern,silence signal: \bno document\b,"Every paid tier's feature list repeats ""Watermark and future proof"", ambiguous between ""carries a watermark"" and ""watermark-free"". The vendor separately sells an unrelated ""AI Text Watermark Remover"" product, which pass 2 notes could mean this phrase concerns removing OTHER tools' AI-detection watermarks rather than the codebook's construct (the vendor's own output branding). No document resolves the ambiguity either way. Both passes agree on unknown."
adjudicated,undetectable-ai,output_ownership_statement,vendor_silence,pattern,silence signal: \bno (?:such )?(?:clause|commitment|figure|mention)\b,"Terms defines ownership only for the site's own Content/Marks and for forum-style ""Contributions""; no clause addresses who holds rights in the humanized text output returned to the user. Both passes agree."
adjudicated,vidnoz,failed_generation_charge_policy,vendor_silence,hand,"HAND. The adjudicator states it explicitly and rules out the alternatives by name: 'AGREED -- unknown, kind: VENDOR SILENCE (not access failure, not instrument gap). Both passes fully accessed and read multiple document classes.' Note this is exactly the phrasing that the negation guard (D-042) had to be narrowed to read correctly.","AGREED -- unknown, kind: VENDOR SILENCE (not access failure, not instrument gap). Both passes fully accessed and read multiple document classes with no reported access barrier (pass 1: pricing.html/FAQ, terms.html, ai-terms-of-service.html, refundpolicy.html; pass 2 additionally: ethics.html, the credits how-to help article) and neither found any statement, either way, on whether a failed/errored generation consumes credits. The documents are readable and complete; they simply never address the question."
adjudicated,wix,failed_generation_charge_policy,vendor_silence,hand,"HAND (2026-08-17, D-074). Third override today of the same shape: an adjudicator declared vendor_silence and the classifier left it for a human, which is the design working -- it never auto-assigns the category that flatters this study's headline. Basis re-read rather than taken from the label: the vendor's only nearby statement addresses DISSATISFACTION with an output, not technical failure of one, and the newly readable ToS 5.2 on output accuracy disclaims accuracy without addressing whether a failed generation is charged for. Reachable documents, read in full including the recovered non-English body, silent on the construct. Pattern worth recording: all three of today's declared-but-unsignalled rows came from ADJUDICATORS, whose evidence reads as a verdict ('unchanged value, unknown_kind=vendor_silence') where the classifier's silence patterns were built from CODERS' descriptive prose ('no document states', 'is silent'). The classifier is not wrong; it is reading a genre it was not trained on.","Unchanged value. unknown_kind=vendor_silence. Pass 1's reading stands: the only related statement addresses dissatisfaction, not technical failure. ADDITIONALLY CHECKED 2026-08-17: ToS Sec 5.2 (""Çıktı Doğruluğu""/""Ausgabegenauigkeit"", AI Services -- Output Accuracy), now readable, disclaims accuracy/completeness/bias of AI outputs but likewise says nothing about whether a technical failure or empty result consumes the allowance -- a second reachable, fully-read document, same genuine silence. Both document classes for this construct have been read in full and neither addresses it: vendor silenc"
adjudicated,wix,commercial_use_lowest_tier,vendor_silence,pattern,silence signal: \bzero occurrences?\b,"Unchanged value. unknown_kind=vendor_silence. I independently re-read (2026-08-17, via the non-English rule, not merely trusting the first retrieval sweep's account) ToS Sections 2 (Obligations, incl. the 2.3 prohibited-conduct list), 3 (Content and Ownership, incl. 3.2 Wix's own IP), and 8 (E-Commerce, seller obligations for User Products): no clause grants or restricts, by tier, the right to use outputs/site content commercially. Every commercial-use-adjacent clause runs the other way -- restricting exploitation of WIX's own Licensed Content/assets (Sec 2.3), or governing a seller's tax/deli"
